ID;Word;Lemma;POS;Extra;Features;HeadPosition;Relation;_;Else
1;А;а;CCONJ;_;_;_;_;_;@tim1995-words#Татьяна_Ильдаровна_Мингалимова#3.399#3.687
2;с;с;ADP;_;_;_;_;_;@tim1995-words#Татьяна_Ильдаровна_Мингалимова#3.687#3.975
3;чего;что;PRON;_;Case=Gen;_;_;_;@tim1995-words#Татьяна_Ильдаровна_Мингалимова#3.975#4.263
4;началось;начаться;VERB;_;Aspect=Perf|Gender=Neut|Mood=Ind|Number=Sing|Tense=Past|VerbForm=Fin|Voice=Mid;_;_;_;@tim1995-words#Татьяна_Ильдаровна_Мингалимова#4.263#4.551
5;такое;такой;DET;_;Case=Nom|Gender=Neut|Number=Sing;_;_;_;@tim1995-words#Татьяна_Ильдаровна_Мингалимова#4.551#4.839
6;творчество?;творчество?;PUNCT;_;_;_;_;_;@tim1995-words#Татьяна_Ильдаровна_Мингалимова#4.839#5.127
7;Ну;ну;PART;_;_;_;_;_;@tim1995-words#Татьяна_Ильдаровна_Мингалимова#5.127#5.415
8;то;то;PRON;_;Animacy=Inan|Case=Nom|Gender=Neut|Number=Sing;_;_;_;@tim1995-words#Татьяна_Ильдаровна_Мингалимова#5.415#5.703
9;есть;быть;VERB;_;Aspect=Imp|Mood=Ind|Number=Sing|Person=3|Tense=Pres|VerbForm=Fin|Voice=Act;_;_;_;@tim1995-words#Татьяна_Ильдаровна_Мингалимова#5.703#5.991
10;очевидно;очевидно;ADV;_;Degree=Pos;_;_;_;@tim1995-words#Татьяна_Ильдаровна_Мингалимова#5.991#6.281
11;и;и;CCONJ;_;_;_;_;_;@tim1995-words#Татьяна_Ильдаровна_Мингалимова#6.777#7.055
12;думаю;думать;VERB;_;Aspect=Imp|Mood=Ind|Number=Sing|Person=1|Tense=Pres|VerbForm=Fin|Voice=Act;_;_;_;@tim1995-words#Татьяна_Ильдаровна_Мингалимова#7.055#7.333
13;что;что;SCONJ;_;_;_;_;_;@tim1995-words#Татьяна_Ильдаровна_Мингалимова#7.333#7.611
14;тебе;ты;PRON;_;Case=Dat|Number=Sing|Person=2;_;_;_;@tim1995-words#Татьяна_Ильдаровна_Мингалимова#7.611#7.889
15;не;не;PART;_;_;_;_;_;@tim1995-words#Татьяна_Ильдаровна_Мингалимова#7.889#8.167
16;стоит;стоить;VERB;_;Aspect=Imp|Mood=Ind|Number=Sing|Person=3|Tense=Pres|VerbForm=Fin|Voice=Act;_;_;_;@tim1995-words#Татьяна_Ильдаровна_Мингалимова#8.167#8.445
17;скрывать;скрывать;VERB;_;Aspect=Imp|VerbForm=Inf|Voice=Act;_;_;_;@tim1995-words#Татьяна_Ильдаровна_Мингалимова#8.445#8.723
18;что;что;SCONJ;_;_;_;_;_;@tim1995-words#Татьяна_Ильдаровна_Мингалимова#8.723#9.001
19;у;у;ADP;_;_;_;_;_;@tim1995-words#Татьяна_Ильдаровна_Мингалимова#9.001#9.279
20;тебя;ты;PRON;_;Case=Gen|Number=Sing|Person=2;_;_;_;@tim1995-words#Татьяна_Ильдаровна_Мингалимова#9.279#9.557
21;довольно;довольно;ADV;_;Degree=Pos;_;_;_;@tim1995-words#Татьяна_Ильдаровна_Мингалимова#9.557#9.835
22;агрессивная;агрессивный;ADJ;_;Case=Nom|Degree=Pos|Gender=Fem|Number=Sing;_;_;_;@tim1995-words#Татьяна_Ильдаровна_Мингалимова#9.835#10.113
23;музыка;музыка;NOUN;_;Animacy=Inan|Case=Nom|Gender=Fem|Number=Sing;_;_;_;@tim1995-words#Татьяна_Ильдаровна_Мингалимова#10.113#10.391
24;она;она;PRON;_;Case=Nom|Gender=Fem|Number=Sing|Person=3;_;_;_;@tim1995-words#Татьяна_Ильдаровна_Мингалимова#10.391#10.669
25;очень;очень;ADV;_;Degree=Pos;_;_;_;@tim1995-words#Татьяна_Ильдаровна_Мингалимова#10.669#10.947
26;крутая;крутой;ADJ;_;Case=Nom|Degree=Pos|Gender=Fem|Number=Sing;_;_;_;@tim1995-words#Татьяна_Ильдаровна_Мингалимова#10.947#11.225
27;очень;очень;ADV;_;Degree=Pos;_;_;_;@tim1995-words#Татьяна_Ильдаровна_Мингалимова#11.225#11.503
28;качественная;качественный;ADJ;_;Case=Nom|Degree=Pos|Gender=Fem|Number=Sing;_;_;_;@tim1995-words#Татьяна_Ильдаровна_Мингалимова#11.503#11.781
29;/;/;PUNCT;_;_;_;_;_;@tim1995-words#Татьяна_Ильдаровна_Мингалимова#11.781#12.059
30;и;и;CCONJ;_;_;_;_;_;@tim1995-words#Татьяна_Ильдаровна_Мингалимова#12.059#12.337
31;все;все;PART;_;_;_;_;_;@tim1995-words#Татьяна_Ильдаровна_Мингалимова#12.337#12.615
32;же;же;PART;_;_;_;_;_;@tim1995-words#Татьяна_Ильдаровна_Мингалимова#12.615#12.893
33;эээ;эээ;INTJ;_;_;_;_;_;@tim1995-words#Татьяна_Ильдаровна_Мингалимова#12.893#13.171
34;ну;ну;PART;_;_;_;_;_;@tim1995-words#Татьяна_Ильдаровна_Мингалимова#13.171#13.449
35;такая;такой;DET;_;Case=Nom|Gender=Fem|Number=Sing;_;_;_;@tim1995-words#Татьяна_Ильдаровна_Мингалимова#13.449#13.727
36;прям;прямо;PART;_;_;_;_;_;@tim1995-words#Татьяна_Ильдаровна_Мингалимова#13.727#14.005
37;жесткая;жесткий;ADJ;_;Case=Nom|Degree=Pos|Gender=Fem|Number=Sing;_;_;_;@tim1995-words#Татьяна_Ильдаровна_Мингалимова#14.005#14.283
38;и;и;CCONJ;_;_;_;_;_;@tim1995-words#Татьяна_Ильдаровна_Мингалимова#14.283#14.561
39;/;/;PUNCT;_;_;_;_;_;@tim1995-words#Татьяна_Ильдаровна_Мингалимова#14.561#14.839
40;эээ;эээ;INTJ;_;_;_;_;_;@tim1995-words#Татьяна_Ильдаровна_Мингалимова#14.839#15.117
41;там;там;ADV;_;Degree=Pos;_;_;_;@tim1995-words#Татьяна_Ильдаровна_Мингалимова#15.117#15.395
42;типа;типa;PART;_;_;_;_;_;@tim1995-words#Татьяна_Ильдаровна_Мингалимова#15.395#15.673
43;зашкаливающая;зашкаливать;VERB;_;Aspect=Imp|Case=Nom|Gender=Fem|Number=Sing|Tense=Pres|VerbForm=Part|Voice=Act;_;_;_;@tim1995-words#Татьяна_Ильдаровна_Мингалимова#15.673#15.951
44;музыка;музыка;NOUN;_;Animacy=Inan|Case=Nom|Gender=Fem|Number=Sing;_;_;_;@tim1995-words#Татьяна_Ильдаровна_Мингалимова#15.951#16.229
45;ты;ты;PRON;_;Case=Nom|Number=Sing|Person=2;_;_;_;@tim1995-words#Татьяна_Ильдаровна_Мингалимова#16.229#16.507
46;очень;очень;ADV;_;Degree=Pos;_;_;_;@tim1995-words#Татьяна_Ильдаровна_Мингалимова#16.507#16.785
47;громкая;громкий;ADJ;_;Case=Nom|Degree=Pos|Gender=Fem|Number=Sing;_;_;_;@tim1995-words#Татьяна_Ильдаровна_Мингалимова#16.785#17.063
48;ты;ты;PRON;_;Case=Nom|Number=Sing|Person=2;_;_;_;@tim1995-words#Татьяна_Ильдаровна_Мингалимова#17.063#17.341
49;прям;прямо;PART;_;_;_;_;_;@tim1995-words#Татьяна_Ильдаровна_Мингалимова#17.341#17.619
50;ммм;ммм;INTJ;_;_;_;_;_;@tim1995-words#Татьяна_Ильдаровна_Мингалимова#17.619#17.897
51;/;/;PUNCT;_;_;_;_;_;@tim1995-words#Татьяна_Ильдаровна_Мингалимова#17.897#18.175
52;просто;просто;PART;_;_;_;_;_;@tim1995-words#Татьяна_Ильдаровна_Мингалимова#18.175#18.453
53;бомба;бомба;NOUN;_;Animacy=Inan|Case=Nom|Gender=Fem|Number=Sing;_;_;_;@tim1995-words#Татьяна_Ильдаровна_Мингалимова#18.453#18.731
54;в;в;ADP;_;_;_;_;_;@tim1995-words#Татьяна_Ильдаровна_Мингалимова#18.731#19.009
55;этом;этот;DET;_;Case=Loc|Gender=Masc|Number=Sing;_;_;_;@tim1995-words#Татьяна_Ильдаровна_Мингалимова#19.009#19.287
56;плане;план;NOUN;_;Animacy=Inan|Case=Loc|Gender=Masc|Number=Sing;_;_;_;@tim1995-words#Татьяна_Ильдаровна_Мингалимова#19.287#19.565
57;и;и;CCONJ;_;_;_;_;_;@tim1995-words#Татьяна_Ильдаровна_Мингалимова#19.565#19.843
58;слушать;слушать;VERB;_;Aspect=Imp|VerbForm=Inf|Voice=Act;_;_;_;@tim1995-words#Татьяна_Ильдаровна_Мингалимова#19.843#20.121
59;про;про;ADP;_;_;_;_;_;@tim1995-words#Татьяна_Ильдаровна_Мингалимова#20.121#20.399
60;то;то;DET;_;Case=Acc|Gender=Neut|Number=Sing;_;_;_;@tim1995-words#Татьяна_Ильдаровна_Мингалимова#20.399#20.677
61;что;что;NOUN;_;Animacy=Inan|Case=Acc|Gender=Neut|Number=Sing;_;_;_;@tim1995-words#Татьяна_Ильдаровна_Мингалимова#20.677#20.955
62;ты;ты;PRON;_;Case=Nom|Number=Sing|Person=2;_;_;_;@tim1995-words#Татьяна_Ильдаровна_Мингалимова#20.955#21.233
63;была;быть;AUX;_;Aspect=Imp|Gender=Fem|Mood=Ind|Number=Sing|Tense=Past|VerbForm=Fin|Voice=Act;_;_;_;@tim1995-words#Татьяна_Ильдаровна_Мингалимова#21.233#21.511
64;/;/;PUNCT;_;_;_;_;_;@tim1995-words#Татьяна_Ильдаровна_Мингалимова#21.511#21.789
65;очень;очень;ADV;_;Degree=Pos;_;_;_;@tim1995-words#Татьяна_Ильдаровна_Мингалимова#21.789#22.067
66;застенчивым;застенчивый;ADJ;_;Case=Ins|Degree=Pos|Gender=Masc|Number=Sing;_;_;_;@tim1995-words#Татьяна_Ильдаровна_Мингалимова#22.067#22.345
67;ребенком;ребенок;NOUN;_;Animacy=Anim|Case=Ins|Gender=Masc|Number=Sing;_;_;_;@tim1995-words#Татьяна_Ильдаровна_Мингалимова#22.345#22.623
68;и;и;CCONJ;_;_;_;_;_;@tim1995-words#Татьяна_Ильдаровна_Мингалимова#22.623#22.901
69;в;в;ADP;_;_;_;_;_;@tim1995-words#Татьяна_Ильдаровна_Мингалимова#22.901#23.179
70;жизни;жизнь;NOUN;_;Animacy=Inan|Case=Acc|Gender=Fem|Number=Plur;_;_;_;@tim1995-words#Татьяна_Ильдаровна_Мингалимова#23.179#23.457
71;как;как;SCONJ;_;_;_;_;_;@tim1995-words#Татьяна_Ильдаровна_Мингалимова#23.457#23.735
72;мне;я;PRON;_;Case=Dat|Number=Sing|Person=1;_;_;_;@tim1995-words#Татьяна_Ильдаровна_Мингалимова#23.735#24.013
73;кажется;казаться;VERB;_;Aspect=Imp|Mood=Ind|Number=Sing|Person=3|Tense=Pres|VerbForm=Fin|Voice=Mid;_;_;_;@tim1995-words#Татьяна_Ильдаровна_Мингалимова#24.013#24.291
74;ты;ты;PRON;_;Case=Nom|Number=Sing|Person=2;_;_;_;@tim1995-words#Татьяна_Ильдаровна_Мингалимова#24.291#24.569
75;тоже;тоже;PART;_;_;_;_;_;@tim1995-words#Татьяна_Ильдаровна_Мингалимова#24.569#24.847
76;довольно;довольно;ADV;_;Degree=Pos;_;_;_;@tim1995-words#Татьяна_Ильдаровна_Мингалимова#24.847#25.125
77;скромный;скромный;ADJ;_;Case=Nom|Degree=Pos|Gender=Masc|Number=Sing;_;_;_;@tim1995-words#Татьяна_Ильдаровна_Мингалимова#25.125#25.403
78;воспитанный;воспитать;ADJ;_;Case=Nom|Degree=Pos|Gender=Masc|Number=Sing;_;_;_;@tim1995-words#Татьяна_Ильдаровна_Мингалимова#25.403#25.681
79;ну;ну;PART;_;_;_;_;_;@tim1995-words#Татьяна_Ильдаровна_Мингалимова#25.681#25.959
80;то;то;PRON;_;Animacy=Inan|Case=Nom|Gender=Neut|Number=Sing;_;_;_;@tim1995-words#Татьяна_Ильдаровна_Мингалимова#25.959#26.237
81;есть;быть;VERB;_;Aspect=Imp|Mood=Ind|Number=Sing|Person=3|Tense=Pres|VerbForm=Fin|Voice=Act;_;_;_;@tim1995-words#Татьяна_Ильдаровна_Мингалимова#26.237#26.515
82;человек;человек;NOUN;_;Animacy=Anim|Case=Nom|Gender=Masc|Number=Sing;_;_;_;@tim1995-words#Татьяна_Ильдаровна_Мингалимова#26.515#26.793
83;в;в;ADP;_;_;_;_;_;@tim1995-words#Татьяна_Ильдаровна_Мингалимова#26.793#27.071
84;какой;какой;DET;_;Case=Acc|Gender=Masc|Number=Sing;_;_;_;@tim1995-words#Татьяна_Ильдаровна_Мингалимова#27.071#27.349
85;момент;момент;NOUN;_;Animacy=Inan|Case=Acc|Gender=Masc|Number=Sing;_;_;_;@tim1995-words#Татьяна_Ильдаровна_Мингалимова#27.349#27.627
86;та…;та;X;_;_;_;_;_;@tim1995-words#Татьяна_Ильдаровна_Мингалимова#27.627#27.905
87;такого;такой;DET;_;Case=Gen|Gender=Masc|Number=Sing;_;_;_;@tim1995-words#Татьяна_Ильдаровна_Мингалимова#28.739#29.017
88;рода;род;NOUN;_;Animacy=Inan|Case=Gen|Gender=Masc|Number=Sing;_;_;_;@tim1995-words#Татьяна_Ильдаровна_Мингалимова#29.017#29.295
89;творчество;творчество;NOUN;_;Animacy=Inan|Case=Nom|Gender=Neut|Number=Sing;_;_;_;@tim1995-words#Татьяна_Ильдаровна_Мингалимова#29.295#29.573
90;появилось;появиться;VERB;_;Aspect=Perf|Gender=Neut|Mood=Ind|Number=Sing|Tense=Past|VerbForm=Fin|Voice=Mid;_;_;_;@tim1995-words#Татьяна_Ильдаровна_Мингалимова#29.573#29.851
91;в;в;ADP;_;_;_;_;_;@tim1995-words#Татьяна_Ильдаровна_Мингалимова#29.851#30.129
92;твоей;твой;DET;_;Case=Loc|Gender=Fem|Number=Sing;_;_;_;@tim1995-words#Татьяна_Ильдаровна_Мингалимова#30.129#30.407
93;жизни?;жизни?;PUNCT;_;_;_;_;_;@tim1995-words#Татьяна_Ильдаровна_Мингалимова#30.407#30.754
94;А;А;CCONJ;_;_;_;_;_;@tim1995-words#Татьяна_Ильдаровна_Мингалимова#73.312#73.762
95;Во;во;ADP;_;_;_;_;_;@tim1995-words#Татьяна_Ильдаровна_Мингалимова#73.762#74.212
96;время;время;NOUN;_;Animacy=Inan|Case=Acc|Gender=Neut|Number=Sing;_;_;_;@tim1995-words#Татьяна_Ильдаровна_Мингалимова#74.212#74.662
97;ваших;ваш;DET;_;Case=Gen|Number=Plur;_;_;_;@tim1995-words#Татьяна_Ильдаровна_Мингалимова#74.662#75.112
98;выступлений;выступление;NOUN;_;Animacy=Inan|Case=Gen|Gender=Neut|Number=Plur;_;_;_;@tim1995-words#Татьяна_Ильдаровна_Мингалимова#75.112#75.562
99;э;э;INTJ;_;_;_;_;_;@tim1995-words#Татьяна_Ильдаровна_Мингалимова#75.656#76.11
100;точнее;точно;ADV;_;Degree=Cmp;_;_;_;@tim1995-words#Татьяна_Ильдаровна_Мингалимова#76.11#76.564
101;в;в;ADP;_;_;_;_;_;@tim1995-words#Татьяна_Ильдаровна_Мингалимова#76.564#77.018
102;дни;день;NOUN;_;Animacy=Inan|Case=Acc|Gender=Masc|Number=Plur;_;_;_;@tim1995-words#Татьяна_Ильдаровна_Мингалимова#77.018#77.472
103;ваших;ваш;DET;_;Case=Gen|Number=Plur;_;_;_;@tim1995-words#Татьяна_Ильдаровна_Мингалимова#77.472#77.926
104;выступлений;выступление;NOUN;_;Animacy=Inan|Case=Gen|Gender=Neut|Number=Plur;_;_;_;@tim1995-words#Татьяна_Ильдаровна_Мингалимова#77.926#78.38
105;отключилось;отключиться;VERB;_;Aspect=Perf|Gender=Neut|Mood=Ind|Number=Sing|Tense=Past|VerbForm=Fin|Voice=Mid;_;_;_;@tim1995-words#Татьяна_Ильдаровна_Мингалимова#78.38#78.834
106;электричество;электричество;NOUN;_;Animacy=Inan|Case=Nom|Gender=Neut|Number=Sing;_;_;_;@tim1995-words#Татьяна_Ильдаровна_Мингалимова#78.834#79.288
107;/;/;PUNCT;_;_;_;_;_;@tim1995-words#Татьяна_Ильдаровна_Мингалимова#79.288#79.742
108;сказали;сказать;VERB;_;Aspect=Perf|Mood=Ind|Number=Plur|Tense=Past|VerbForm=Fin|Voice=Act;_;_;_;@tim1995-words#Татьяна_Ильдаровна_Мингалимова#79.742#80.196
109;что;что;PRON;_;Case=Acc;_;_;_;@tim1995-words#Татьяна_Ильдаровна_Мингалимова#80.196#80.65
110;заложена;заложенный;VERB;_;Aspect=Perf|Gender=Fem|Number=Sing|Tense=Past|Variant=Short|VerbForm=Part|Voice=Pass;_;_;_;@tim1995-words#Татьяна_Ильдаровна_Мингалимова#80.65#81.104
111;бомба;бомба;NOUN;_;Animacy=Inan|Case=Nom|Gender=Fem|Number=Sing;_;_;_;@tim1995-words#Татьяна_Ильдаровна_Мингалимова#81.104#81.562
112;срочная;срочный;ADJ;_;Case=Nom|Degree=Pos|Gender=Fem|Number=Sing;_;_;_;@tim1995-words#Татьяна_Ильдаровна_Мингалимова#82.218#82.661
113;инспекция;инспекция;NOUN;_;Animacy=Inan|Case=Nom|Gender=Fem|Number=Sing;_;_;_;@tim1995-words#Татьяна_Ильдаровна_Мингалимова#82.661#83.104
114;на;на;ADP;_;_;_;_;_;@tim1995-words#Татьяна_Ильдаровна_Мингалимова#83.104#83.547
115;кухне;кухня;NOUN;_;Animacy=Inan|Case=Loc|Gender=Fem|Number=Sing;_;_;_;@tim1995-words#Татьяна_Ильдаровна_Мингалимова#83.547#83.99
116;клуба;клуб;NOUN;_;Animacy=Inan|Case=Acc|Gender=Masc|Number=Plur;_;_;_;@tim1995-words#Татьяна_Ильдаровна_Мингалимова#83.99#84.437
117;жалобы;жалоба;NOUN;_;Animacy=Inan|Case=Gen|Gender=Fem|Number=Sing;_;_;_;@tim1995-words#Татьяна_Ильдаровна_Мингалимова#84.937#85.599
118;гражданина;гражданин;NOUN;_;Animacy=Anim|Case=Gen|Gender=Masc|Number=Sing;_;_;_;@tim1995-words#Татьяна_Ильдаровна_Мингалимова#85.599#86.261
119;на;на;ADP;_;_;_;_;_;@tim1995-words#Татьяна_Ильдаровна_Мингалимова#86.261#86.923
120;пищевое;пищевой;ADJ;_;Case=Acc|Degree=Pos|Gender=Neut|Number=Sing;_;_;_;@tim1995-words#Татьяна_Ильдаровна_Мингалимова#86.923#87.585
121;отравление;отравление;NOUN;_;Animacy=Inan|Case=Acc|Gender=Neut|Number=Sing;_;_;_;@tim1995-words#Татьяна_Ильдаровна_Мингалимова#87.585#88.25
122;антисанитарное;антисанитарный;ADJ;_;Case=Nom|Degree=Pos|Gender=Neut|Number=Sing;_;_;_;@tim1995-words#Татьяна_Ильдаровна_Мингалимова#88.281#89.083
123;состояние;состояние;NOUN;_;Animacy=Inan|Case=Nom|Gender=Neut|Number=Sing;_;_;_;@tim1995-words#Татьяна_Ильдаровна_Мингалимова#89.083#89.885
124;заведения;заведение;NOUN;_;Animacy=Inan|Case=Gen|Gender=Neut|Number=Sing;_;_;_;@tim1995-words#Татьяна_Ильдаровна_Мингалимова#89.885#90.687
125;появление;появление;NOUN;_;Animacy=Inan|Case=Acc|Gender=Neut|Number=Sing;_;_;_;@tim1995-words#Татьяна_Ильдаровна_Мингалимова#90.75#91.146
126;плохих;плохой;ADJ;_;Case=Gen|Degree=Pos|Number=Plur;_;_;_;@tim1995-words#Татьяна_Ильдаровна_Мингалимова#91.146#91.542
127;санитарных;санитарный;ADJ;_;Case=Gen|Degree=Pos|Number=Plur;_;_;_;@tim1995-words#Татьяна_Ильдаровна_Мингалимова#91.542#91.938
128;условий;условие;NOUN;_;Animacy=Inan|Case=Gen|Gender=Neut|Number=Plur;_;_;_;@tim1995-words#Татьяна_Ильдаровна_Мингалимова#91.938#92.334
129;которые;который;PRON;_;Case=Nom;_;_;_;@tim1995-words#Татьяна_Ильдаровна_Мингалимова#92.334#92.73
130;могут;мочь;VERB;_;Aspect=Imp|Mood=Ind|Number=Plur|Person=3|Tense=Pres|VerbForm=Fin|Voice=Act;_;_;_;@tim1995-words#Татьяна_Ильдаровна_Мингалимова#92.73#93.126
131;спровоцировать;провоцировать;VERB;_;Aspect=Perf|VerbForm=Inf|Voice=Act;_;_;_;@tim1995-words#Татьяна_Ильдаровна_Мингалимова#93.126#93.522
132;возникновение;возникновение;NOUN;_;Animacy=Inan|Case=Acc|Gender=Neut|Number=Sing;_;_;_;@tim1995-words#Татьяна_Ильдаровна_Мингалимова#93.522#93.918
133;инф…;инф;X;_;_;_;_;_;@tim1995-words#Татьяна_Ильдаровна_Мингалимова#93.918#94.314
134;инфекционных;инфекционный;ADJ;_;Case=Gen|Degree=Pos|Number=Plur;_;_;_;@tim1995-words#Татьяна_Ильдаровна_Мингалимова#95.106#95.502
135;заболеваний;заболевание;NOUN;_;Animacy=Inan|Case=Gen|Gender=Neut|Number=Plur;_;_;_;@tim1995-words#Татьяна_Ильдаровна_Мингалимова#95.502#95.898
136;и;и;CCONJ;_;_;_;_;_;@tim1995-words#Татьяна_Ильдаровна_Мингалимова#95.898#96.294
137;пищевых;пищевой;ADJ;_;Case=Gen|Degree=Pos|Number=Plur;_;_;_;@tim1995-words#Татьяна_Ильдаровна_Мингалимова#96.294#96.69
138;отравлений;отравление;NOUN;_;Animacy=Inan|Case=Gen|Gender=Neut|Number=Plur;_;_;_;@tim1995-words#Татьяна_Ильдаровна_Мингалимова#96.69#97.093
139;вы;вы;PRON;_;Case=Nom|Number=Plur|Person=2;_;_;_;@tim1995-words#Татьяна_Ильдаровна_Мингалимова#97.187#97.614
140;приносите;приносить;VERB;_;Aspect=Perf|Mood=Imp|Number=Plur|Person=2|VerbForm=Fin|Voice=Act;_;_;_;@tim1995-words#Татьяна_Ильдаровна_Мингалимова#97.614#98.041
141;беды;беды;NOUN;_;Animacy=Inan|Case=Acc|Gender=Fem|Number=Plur;_;_;_;@tim1995-words#Татьяна_Ильдаровна_Мингалимова#98.041#98.468
142;?;?;PUNCT;_;_;_;_;_;@tim1995-words#Татьяна_Ильдаровна_Мингалимова#98.041#98.468
143;А;а;CCONJ;_;_;_;_;_;@tim1995-words#Татьяна_Ильдаровна_Мингалимова#218.687#218.946
144;Как;как;SCONJ;_;_;_;_;_;@tim1995-words#Татьяна_Ильдаровна_Мингалимова#218.946#219.205
145;думаешь;думать;VERB;_;Aspect=Imp|Mood=Ind|Number=Sing|Person=2|Tense=Pres|VerbForm=Fin|Voice=Act;_;_;_;@tim1995-words#Татьяна_Ильдаровна_Мингалимова#219.205#219.464
146;/;/;PUNCT;_;_;_;_;_;@tim1995-words#Татьяна_Ильдаровна_Мингалимова#219.464#219.723
147;почему;почему;ADV;_;Degree=Pos;_;_;_;@tim1995-words#Татьяна_Ильдаровна_Мингалимова#219.723#219.982
148;именно;именно;PART;_;_;_;_;_;@tim1995-words#Татьяна_Ильдаровна_Мингалимова#219.982#220.241
149;вы;вы;PRON;_;Case=Nom|Number=Plur|Person=2;_;_;_;@tim1995-words#Татьяна_Ильдаровна_Мингалимова#220.241#220.5
150;так;так;ADV;_;Degree=Pos;_;_;_;@tim1995-words#Татьяна_Ильдаровна_Мингалимова#220.5#220.759
151;всех;все;PRON;_;Animacy=Anim|Case=Gen|Number=Plur;_;_;_;@tim1995-words#Татьяна_Ильдаровна_Мингалимова#220.759#221.018
152;выбесили?;выбесили?;PUNCT;_;_;_;_;_;@tim1995-words#Татьяна_Ильдаровна_Мингалимова#221.018#221.281
153;А;а;CCONJ;_;_;_;_;_;@tim1995-words#Татьяна_Ильдаровна_Мингалимова#294.531#294.946
154;Ты;ты;PRON;_;Case=Nom|Number=Sing|Person=2;_;_;_;@tim1995-words#Татьяна_Ильдаровна_Мингалимова#294.946#295.361
155;знаешь;знать;VERB;_;Aspect=Imp|Mood=Ind|Number=Sing|Person=2|Tense=Pres|VerbForm=Fin|Voice=Act;_;_;_;@tim1995-words#Татьяна_Ильдаровна_Мингалимова#295.361#295.776
156;какие;какой;DET;_;Case=Acc|Number=Plur;_;_;_;@tim1995-words#Татьяна_Ильдаровна_Мингалимова#295.776#296.191
157;какое;какой;DET;_;Case=Acc|Gender=Neut|Number=Sing;_;_;_;@tim1995-words#Татьяна_Ильдаровна_Мингалимова#296.191#296.606
158;максимальное;максимальный;ADJ;_;Case=Acc|Degree=Pos|Gender=Neut|Number=Sing;_;_;_;@tim1995-words#Татьяна_Ильдаровна_Мингалимова#296.606#297.021
159;количество;количество;NOUN;_;Animacy=Inan|Case=Acc|Gender=Neut|Number=Sing;_;_;_;@tim1995-words#Татьяна_Ильдаровна_Мингалимова#297.021#297.436
160;комментариев;комментарий;NOUN;_;Animacy=Inan|Case=Gen|Gender=Masc|Number=Plur;_;_;_;@tim1995-words#Татьяна_Ильдаровна_Мингалимова#297.436#297.851
161;было;быть;AUX;_;Aspect=Imp|Gender=Neut|Mood=Ind|Number=Sing|Tense=Past|VerbForm=Fin|Voice=Act;_;_;_;@tim1995-words#Татьяна_Ильдаровна_Мингалимова#297.851#298.266
162;под;под;ADP;_;_;_;_;_;@tim1995-words#Татьяна_Ильдаровна_Мингалимова#298.266#298.681
163;/;/;PUNCT;_;_;_;_;_;@tim1995-words#Татьяна_Ильдаровна_Мингалимова#298.681#299.096
164;вашим;ваш;DET;_;Case=Ins|Gender=Masc|Number=Sing;_;_;_;@tim1995-words#Татьяна_Ильдаровна_Мингалимова#299.096#299.511
165;видео?;видео?;SYM;_;_;_;_;_;@tim1995-words#Татьяна_Ильдаровна_Мингалимова#299.511#299.926
166;/;/;PUNCT;_;_;_;_;_;@tim1995-words#Татьяна_Ильдаровна_Мингалимова#299.926#300.341
167;Это;это;DET;_;Case=Acc|Gender=Neut|Number=Sing;_;_;_;@tim1995-words#Татьяна_Ильдаровна_Мингалимова#300.341#300.756
168;спасибо;спасибо;NOUN;_;Animacy=Inan|Case=Acc|Gender=Neut|Number=Sing;_;_;_;@tim1995-words#Татьяна_Ильдаровна_Мингалимова#300.756#301.171
169;большое;большой;ADJ;_;Case=Acc|Degree=Pos|Gender=Neut|Number=Sing;_;_;_;@tim1995-words#Татьяна_Ильдаровна_Мингалимова#301.171#301.586
170;правительству;правительство;NOUN;_;Animacy=Inan|Case=Dat|Gender=Neut|Number=Sing;_;_;_;@tim1995-words#Татьяна_Ильдаровна_Мингалимова#301.586#302.001
171;за;за;ADP;_;_;_;_;_;@tim1995-words#Татьяна_Ильдаровна_Мингалимова#302.001#302.416
172;то;то;DET;_;Case=Acc|Gender=Neut|Number=Sing;_;_;_;@tim1995-words#Татьяна_Ильдаровна_Мингалимова#302.416#302.831
173;что;что;NOUN;_;Animacy=Inan|Case=Acc|Gender=Neut|Number=Sing;_;_;_;@tim1995-words#Татьяна_Ильдаровна_Мингалимова#302.831#303.246
174;я;я;PRON;_;Case=Nom|Number=Sing|Person=1;_;_;_;@tim1995-words#Татьяна_Ильдаровна_Мингалимова#303.246#303.661
175;узнал;узнать;VERB;_;Aspect=Perf|Gender=Masc|Mood=Ind|Number=Sing|Tense=Past|VerbForm=Fin|Voice=Act;_;_;_;@tim1995-words#Татьяна_Ильдаровна_Мингалимова#303.661#304.076
176;про;про;ADP;_;_;_;_;_;@tim1995-words#Татьяна_Ильдаровна_Мингалимова#304.076#304.491
177;такую;такой;DET;_;Case=Acc|Gender=Fem|Number=Sing;_;_;_;@tim1995-words#Татьяна_Ильдаровна_Мингалимова#304.491#304.906
178;прекрасную;прекрасный;ADJ;_;Case=Acc|Degree=Pos|Gender=Fem|Number=Sing;_;_;_;@tim1995-words#Татьяна_Ильдаровна_Мингалимова#304.906#305.321
179;группу;группа;NOUN;_;Animacy=Inan|Case=Acc|Gender=Fem|Number=Sing;_;_;_;@tim1995-words#Татьяна_Ильдаровна_Мингалимова#305.321#305.75
180;Мне;я;PRON;_;Case=Dat|Number=Sing|Person=1;_;_;_;@avk1995f-words#Анастасия_Вадимовна_Креслина#30.363#30.858
181;кажется;казаться;VERB;_;Aspect=Imp|Mood=Ind|Number=Sing|Person=3|Tense=Pres|VerbForm=Fin|Voice=Mid;_;_;_;@avk1995f-words#Анастасия_Вадимовна_Креслина#30.858#31.353
182;что;что;SCONJ;_;_;_;_;_;@avk1995f-words#Анастасия_Вадимовна_Креслина#31.353#31.848
183;эта;этот;DET;_;Case=Nom|Gender=Fem|Number=Sing;_;_;_;@avk1995f-words#Анастасия_Вадимовна_Креслина#31.848#32.343
184;громкая;громкий;ADJ;_;Case=Nom|Degree=Pos|Gender=Fem|Number=Sing;_;_;_;@avk1995f-words#Анастасия_Вадимовна_Креслина#32.5#33.562
185;эээ;эээ;INTJ;_;_;_;_;_;@avk1995f-words#Анастасия_Вадимовна_Креслина#33.593#34.083
186;форма;форма;NOUN;_;Animacy=Inan|Case=Nom|Gender=Fem|Number=Sing;_;_;_;@avk1995f-words#Анастасия_Вадимовна_Креслина#34.083#34.573
187;высказывания;высказывание;NOUN;_;Animacy=Inan|Case=Gen|Gender=Neut|Number=Sing;_;_;_;@avk1995f-words#Анастасия_Вадимовна_Креслина#34.573#35.063
188;/;/;PUNCT;_;_;_;_;_;@avk1995f-words#Анастасия_Вадимовна_Креслина#35.063#35.553
189;агрессивная;агрессивный;ADJ;_;Case=Nom|Degree=Pos|Gender=Fem|Number=Sing;_;_;_;@avk1995f-words#Анастасия_Вадимовна_Креслина#35.553#36.043
190;/;/;PUNCT;_;_;_;_;_;@avk1995f-words#Анастасия_Вадимовна_Креслина#36.043#36.533
191;она;она;PRON;_;Case=Nom|Gender=Fem|Number=Sing|Person=3;_;_;_;@avk1995f-words#Анастасия_Вадимовна_Креслина#36.533#37.023
192;возникла;возникнуть;VERB;_;Aspect=Perf|Gender=Fem|Mood=Ind|Number=Sing|Tense=Past|VerbForm=Fin|Voice=Act;_;_;_;@avk1995f-words#Анастасия_Вадимовна_Креслина#37.023#37.513
193;потому;потому;ADV;_;Degree=Pos;_;_;_;@avk1995f-words#Анастасия_Вадимовна_Креслина#37.513#38.003
194;что;что;SCONJ;_;_;_;_;_;@avk1995f-words#Анастасия_Вадимовна_Креслина#38.003#38.493
195;/;/;PUNCT;_;_;_;_;_;@avk1995f-words#Анастасия_Вадимовна_Креслина#38.493#38.983
196;эээ;эээ;NOUN;_;Animacy=Inan|Case=Nom|Gender=Neut|Number=Sing;_;_;_;@avk1995f-words#Анастасия_Вадимовна_Креслина#38.983#39.473
197;опять;опять;ADV;_;Degree=Pos;_;_;_;@avk1995f-words#Анастасия_Вадимовна_Креслина#39.473#39.963
198;таки;таки;PART;_;_;_;_;_;@avk1995f-words#Анастасия_Вадимовна_Креслина#39.963#40.453
199;среда;среда;NOUN;_;Animacy=Inan|Case=Nom|Gender=Fem|Number=Sing;_;_;_;@avk1995f-words#Анастасия_Вадимовна_Креслина#40.453#40.943
200;в;в;ADP;_;_;_;_;_;@avk1995f-words#Анастасия_Вадимовна_Креслина#40.943#41.433
201;которой;который;PRON;_;Case=Loc;_;_;_;@avk1995f-words#Анастасия_Вадимовна_Креслина#41.433#41.923
202;мы;мы;PRON;_;Case=Nom|Number=Plur|Person=1;_;_;_;@avk1995f-words#Анастасия_Вадимовна_Креслина#41.923#42.413
203;в;в;ADP;_;_;_;_;_;@avk1995f-words#Анастасия_Вадимовна_Креслина#42.413#42.903
204;россии;россия;NOUN;_;Animacy=Inan|Case=Loc|Gender=Fem|Number=Sing;_;_;_;@avk1995f-words#Анастасия_Вадимовна_Креслина#42.903#43.393
205;находимся;находиться;VERB;_;Aspect=Imp|Mood=Ind|Number=Plur|Person=1|Tense=Pres|VerbForm=Fin|Voice=Mid;_;_;_;@avk1995f-words#Анастасия_Вадимовна_Креслина#43.393#43.883
206;растем;расти;NOUN;_;Animacy=Inan|Case=Ins|Gender=Masc|Number=Sing;_;_;_;@avk1995f-words#Анастасия_Вадимовна_Креслина#43.883#44.373
207;существуем;существовать;VERB;_;Aspect=Imp|Mood=Ind|Number=Plur|Person=1|Tense=Pres|VerbForm=Fin|Voice=Act;_;_;_;@avk1995f-words#Анастасия_Вадимовна_Креслина#44.373#44.863
208;она;она;PRON;_;Case=Nom|Gender=Fem|Number=Sing|Person=3;_;_;_;@avk1995f-words#Анастасия_Вадимовна_Креслина#44.863#45.353
209;эээ;эээ;INTJ;_;_;_;_;_;@avk1995f-words#Анастасия_Вадимовна_Креслина#45.353#45.843
210;очень;очень;ADV;_;Degree=Pos;_;_;_;@avk1995f-words#Анастасия_Вадимовна_Креслина#45.843#46.333
211;/;/;PUNCT;_;_;_;_;_;@avk1995f-words#Анастасия_Вадимовна_Креслина#46.333#46.823
212;одновременно;одновременно;ADV;_;Degree=Pos;_;_;_;@avk1995f-words#Анастасия_Вадимовна_Креслина#46.823#47.313
213;холодная;холодный;ADJ;_;Case=Nom|Degree=Pos|Gender=Fem|Number=Sing;_;_;_;@avk1995f-words#Анастасия_Вадимовна_Креслина#47.313#47.803
214;и;и;CCONJ;_;_;_;_;_;@avk1995f-words#Анастасия_Вадимовна_Креслина#47.803#48.293
215;равнодушная;равнодушный;ADJ;_;Case=Nom|Degree=Pos|Gender=Fem|Number=Sing;_;_;_;@avk1995f-words#Анастасия_Вадимовна_Креслина#48.293#48.783
216;к;к;ADP;_;_;_;_;_;@avk1995f-words#Анастасия_Вадимовна_Креслина#48.783#49.273
217;тебе;ты;PRON;_;Case=Dat|Number=Sing|Person=2;_;_;_;@avk1995f-words#Анастасия_Вадимовна_Креслина#49.273#49.785
218;и;и;CCONJ;_;_;_;_;_;@avk1995f-words#Анастасия_Вадимовна_Креслина#50.468#50.84
219;тебе;ты;PRON;_;Case=Dat|Number=Sing|Person=2;_;_;_;@avk1995f-words#Анастасия_Вадимовна_Креслина#50.84#51.212
220;кажется;казаться;VERB;_;Aspect=Imp|Mood=Ind|Number=Sing|Person=3|Tense=Pres|VerbForm=Fin|Voice=Mid;_;_;_;@avk1995f-words#Анастасия_Вадимовна_Креслина#51.212#51.584
221;что;что;SCONJ;_;_;_;_;_;@avk1995f-words#Анастасия_Вадимовна_Креслина#51.584#51.956
222;единственный;единственный;ADJ;_;Case=Nom|Degree=Pos|Gender=Masc|Number=Sing;_;_;_;@avk1995f-words#Анастасия_Вадимовна_Креслина#51.956#52.328
223;способ;способ;NOUN;_;Animacy=Inan|Case=Nom|Gender=Masc|Number=Sing;_;_;_;@avk1995f-words#Анастасия_Вадимовна_Креслина#52.328#52.7
224;чтобы;чтобы;SCONJ;_;Mood=Cnd;_;_;_;@avk1995f-words#Анастасия_Вадимовна_Креслина#52.7#53.072
225;тебя;ты;PRON;_;Case=Acc|Number=Sing|Person=2;_;_;_;@avk1995f-words#Анастасия_Вадимовна_Креслина#53.072#53.444
226;здесь;здесь;ADV;_;Degree=Pos;_;_;_;@avk1995f-words#Анастасия_Вадимовна_Креслина#53.444#53.816
227;как-то;как-то;ADV;_;Degree=Pos;_;_;_;@avk1995f-words#Анастасия_Вадимовна_Креслина#53.816#54.188
228;услышали;слышать;VERB;_;Aspect=Perf|Mood=Ind|Number=Plur|Tense=Past|VerbForm=Fin|Voice=Act;_;_;_;@avk1995f-words#Анастасия_Вадимовна_Креслина#54.188#54.56
229;это;это;PRON;_;Animacy=Inan|Case=Acc|Gender=Neut|Number=Sing;_;_;_;@avk1995f-words#Анастасия_Вадимовна_Креслина#54.56#54.932
230;/;/;PUNCT;_;_;_;_;_;@avk1995f-words#Анастасия_Вадимовна_Креслина#54.932#55.304
231;не;не;PART;_;_;_;_;_;@avk1995f-words#Анастасия_Вадимовна_Креслина#55.304#55.676
232;сказать;сказать;VERB;_;Aspect=Perf|VerbForm=Inf|Voice=Act;_;_;_;@avk1995f-words#Анастасия_Вадимовна_Креслина#55.676#56.048
233;что-то;что-то;PRON;_;Case=Acc;_;_;_;@avk1995f-words#Анастасия_Вадимовна_Креслина#56.048#56.42
234;спокойно;спокойно;ADV;_;Degree=Pos;_;_;_;@avk1995f-words#Анастасия_Вадимовна_Креслина#56.42#56.792
235;именно;именно;PART;_;_;_;_;_;@avk1995f-words#Анастасия_Вадимовна_Креслина#56.792#57.164
236;не;не;PART;_;_;_;_;_;@avk1995f-words#Анастасия_Вадимовна_Креслина#57.164#57.536
237;знаю;знать;VERB;_;Aspect=Imp|Mood=Ind|Number=Sing|Person=1|Tense=Pres|VerbForm=Fin|Voice=Act;_;_;_;@avk1995f-words#Анастасия_Вадимовна_Креслина#57.536#57.908
238;прокричать;кричать;VERB;_;Aspect=Imp|VerbForm=Inf|Voice=Act;_;_;_;@avk1995f-words#Анастасия_Вадимовна_Креслина#57.908#58.28
239;/;/;PUNCT;_;_;_;_;_;@avk1995f-words#Анастасия_Вадимовна_Креслина#58.28#58.652
240;ээээ;ээээ;INTJ;_;_;_;_;_;@avk1995f-words#Анастасия_Вадимовна_Креслина#58.652#59.024
241;сделать;делать;VERB;_;Aspect=Perf|VerbForm=Inf|Voice=Act;_;_;_;@avk1995f-words#Анастасия_Вадимовна_Креслина#59.024#59.396
242;максимально;максимально;ADV;_;Degree=Pos;_;_;_;@avk1995f-words#Анастасия_Вадимовна_Креслина#59.396#59.768
243;громко;громко;ADV;_;Degree=Pos;_;_;_;@avk1995f-words#Анастасия_Вадимовна_Креслина#59.768#60.14
244;/;/;PUNCT;_;_;_;_;_;@avk1995f-words#Анастасия_Вадимовна_Креслина#60.14#60.512
245;достучаться;достучаться;VERB;_;Aspect=Perf|VerbForm=Inf|Voice=Mid;_;_;_;@avk1995f-words#Анастасия_Вадимовна_Креслина#60.512#60.884
246;/;/;PUNCT;_;_;_;_;_;@avk1995f-words#Анастасия_Вадимовна_Креслина#60.884#61.256
247;обратить;обратить;VERB;_;Aspect=Perf|VerbForm=Inf|Voice=Act;_;_;_;@avk1995f-words#Анастасия_Вадимовна_Креслина#61.256#61.628
248;на;на;ADP;_;_;_;_;_;@avk1995f-words#Анастасия_Вадимовна_Креслина#61.628#62.0
249;себя;себя;PRON;_;Case=Acc;_;_;_;@avk1995f-words#Анастасия_Вадимовна_Креслина#62.0#62.372
250;внимание;внимание;NOUN;_;Animacy=Inan|Case=Acc|Gender=Neut|Number=Sing;_;_;_;@avk1995f-words#Анастасия_Вадимовна_Креслина#62.372#62.744
251;/;/;PUNCT;_;_;_;_;_;@avk1995f-words#Анастасия_Вадимовна_Креслина#62.744#63.116
252;иначе;иначе;CCONJ;_;_;_;_;_;@avk1995f-words#Анастасия_Вадимовна_Креслина#63.116#63.488
253;тебя;ты;PRON;_;Case=Acc|Number=Sing|Person=2;_;_;_;@avk1995f-words#Анастасия_Вадимовна_Креслина#63.488#63.86
254;просто;просто;PART;_;_;_;_;_;@avk1995f-words#Анастасия_Вадимовна_Креслина#63.86#64.232
255;как;как;ADV;_;Degree=Pos;_;_;_;@avk1995f-words#Анастасия_Вадимовна_Креслина#64.232#64.604
256;бы;бы;PART;_;_;_;_;_;@avk1995f-words#Анастасия_Вадимовна_Креслина#64.604#64.976
257;и;и;PART;_;_;_;_;_;@avk1995f-words#Анастасия_Вадимовна_Креслина#64.976#65.348
258;нету;нет;VERB;_;Aspect=Imp|Mood=Ind|Number=Sing|Person=3|Tense=Pres|VerbForm=Fin|Voice=Act;_;_;_;@avk1995f-words#Анастасия_Вадимовна_Креслина#65.348#65.75
259;Да;да;PART;_;_;_;_;_;@avk1995f-words#Анастасия_Вадимовна_Креслина#99.843#100.205
260;мы;мы;PRON;_;Case=Nom|Number=Plur|Person=1;_;_;_;@avk1995f-words#Анастасия_Вадимовна_Креслина#100.205#100.567
261;же;же;PART;_;_;_;_;_;@avk1995f-words#Анастасия_Вадимовна_Креслина#100.567#100.929
262;мрачные;мрачный;ADJ;_;Case=Nom|Degree=Pos|Number=Plur;_;_;_;@avk1995f-words#Анастасия_Вадимовна_Креслина#100.929#101.291
263;ребята;ребята;NOUN;_;Animacy=Anim|Case=Nom|Gender=Neut|Number=Plur;_;_;_;@avk1995f-words#Анастасия_Вадимовна_Креслина#101.291#101.656
264;Ну;ну;PART;_;_;_;_;_;@avk1995f-words#Анастасия_Вадимовна_Креслина#101.968#102.469
265;/;/;PUNCT;_;_;_;_;_;@avk1995f-words#Анастасия_Вадимовна_Креслина#102.469#102.97
266;это;это;PRON;_;Animacy=Inan|Case=Nom|Gender=Neut|Number=Sing;_;_;_;@avk1995f-words#Анастасия_Вадимовна_Креслина#102.97#103.471
267;все;весь;DET;_;Case=Nom|Gender=Neut|Number=Sing;_;_;_;@avk1995f-words#Анастасия_Вадимовна_Креслина#103.471#103.972
268;не;не;PART;_;_;_;_;_;@avk1995f-words#Анастасия_Вадимовна_Креслина#103.972#104.473
269;мы;мы;PRON;_;Case=Nom|Number=Plur|Person=1;_;_;_;@avk1995f-words#Анастасия_Вадимовна_Креслина#104.473#104.974
270;приносим;приносить;VERB;_;Aspect=Imp|Mood=Ind|Number=Plur|Person=1|Tense=Pres|VerbForm=Fin|Voice=Act;_;_;_;@avk1995f-words#Анастасия_Вадимовна_Креслина#104.974#105.475
271;беды;беда;NOUN;_;Animacy=Inan|Case=Acc|Gender=Fem|Number=Plur;_;_;_;@avk1995f-words#Анастасия_Вадимовна_Креслина#105.475#105.976
272;/;/;PUNCT;_;_;_;_;_;@avk1995f-words#Анастасия_Вадимовна_Креслина#105.976#106.477
273;ну;ну;PART;_;_;_;_;_;@avk1995f-words#Анастасия_Вадимовна_Креслина#106.477#106.978
274;да;да;PART;_;_;_;_;_;@avk1995f-words#Анастасия_Вадимовна_Креслина#106.978#107.479
275;нам;мы;PRON;_;Case=Dat|Number=Plur|Person=1;_;_;_;@avk1995f-words#Анастасия_Вадимовна_Креслина#107.479#107.98
276;пытались;пытаться;VERB;_;Aspect=Imp|Mood=Ind|Number=Plur|Tense=Past|VerbForm=Fin|Voice=Mid;_;_;_;@avk1995f-words#Анастасия_Вадимовна_Креслина#107.98#108.481
277;помешать;мешать;VERB;_;Aspect=Perf|VerbForm=Inf|Voice=Act;_;_;_;@avk1995f-words#Анастасия_Вадимовна_Креслина#108.481#108.982
278;провести;провести;VERB;_;Aspect=Perf|VerbForm=Inf|Voice=Act;_;_;_;@avk1995f-words#Анастасия_Вадимовна_Креслина#108.982#109.483
279;наш;наш;DET;_;Case=Acc|Gender=Masc|Number=Sing;_;_;_;@avk1995f-words#Анастасия_Вадимовна_Креслина#109.483#109.984
280;тур;тур;NOUN;_;Animacy=Inan|Case=Acc|Gender=Masc|Number=Sing;_;_;_;@avk1995f-words#Анастасия_Вадимовна_Креслина#109.984#110.488
281;эээ;эээ;INTJ;_;_;_;_;_;@avk1995f-words#Анастасия_Вадимовна_Креслина#111.116#111.504
282;всеми;весь;DET;_;Case=Ins|Number=Plur;_;_;_;@avk1995f-words#Анастасия_Вадимовна_Креслина#111.504#111.892
283;возможными;возможный;ADJ;_;Case=Ins|Degree=Pos|Number=Plur;_;_;_;@avk1995f-words#Анастасия_Вадимовна_Креслина#111.892#112.28
284;способами;способ;NOUN;_;Animacy=Inan|Case=Ins|Gender=Masc|Number=Plur;_;_;_;@avk1995f-words#Анастасия_Вадимовна_Креслина#112.28#112.668
285;потому;потому;ADV;_;Degree=Pos;_;_;_;@avk1995f-words#Анастасия_Вадимовна_Креслина#112.668#113.056
286;что;что;SCONJ;_;_;_;_;_;@avk1995f-words#Анастасия_Вадимовна_Креслина#113.056#113.444
287;по;по;ADP;_;_;_;_;_;@avk1995f-words#Анастасия_Вадимовна_Креслина#113.444#113.832
288;закону;закон;NOUN;_;Animacy=Inan|Case=Dat|Gender=Masc|Number=Sing;_;_;_;@avk1995f-words#Анастасия_Вадимовна_Креслина#113.832#114.22
289;этого;это;PRON;_;Animacy=Inan|Case=Gen|Gender=Neut|Number=Sing;_;_;_;@avk1995f-words#Анастасия_Вадимовна_Креслина#114.22#114.608
290;никак;никак;ADV;_;Degree=Pos;_;_;_;@avk1995f-words#Анастасия_Вадимовна_Креслина#114.608#114.996
291;нельзя;нельзя;ADV;_;Degree=Pos;_;_;_;@avk1995f-words#Анастасия_Вадимовна_Креслина#114.996#115.384
292;было;быть;AUX;_;Aspect=Imp|Gender=Neut|Mood=Ind|Number=Sing|Tense=Past|VerbForm=Fin|Voice=Act;_;_;_;@avk1995f-words#Анастасия_Вадимовна_Креслина#115.384#115.772
293;/;/;PUNCT;_;_;_;_;_;@avk1995f-words#Анастасия_Вадимовна_Креслина#115.772#116.16
294;не;не;PART;_;_;_;_;_;@avk1995f-words#Анастасия_Вадимовна_Креслина#116.16#116.548
295;к;к;ADP;_;_;_;_;_;@avk1995f-words#Анастасия_Вадимовна_Креслина#116.548#116.936
296;чему;что;PRON;_;Case=Dat;_;_;_;@avk1995f-words#Анастасия_Вадимовна_Креслина#116.936#117.324
297;придраться;придраться;VERB;_;Aspect=Imp|VerbForm=Inf|Voice=Mid;_;_;_;@avk1995f-words#Анастасия_Вадимовна_Креслина#117.324#117.712
298;было;быть;AUX;_;Aspect=Imp|Gender=Neut|Mood=Ind|Number=Sing|Tense=Past|VerbForm=Fin|Voice=Act;_;_;_;@avk1995f-words#Анастасия_Вадимовна_Креслина#117.712#118.1
299;ни;ни;PART;_;Polarity=Neg;_;_;_;@avk1995f-words#Анастасия_Вадимовна_Креслина#118.1#118.488
300;в;в;ADP;_;_;_;_;_;@avk1995f-words#Анастасия_Вадимовна_Креслина#118.488#118.876
301;нашем;наш;DET;_;Case=Loc|Gender=Masc|Number=Sing;_;_;_;@avk1995f-words#Анастасия_Вадимовна_Креслина#118.876#119.264
302;последнем;последний;ADJ;_;Case=Loc|Degree=Pos|Gender=Masc|Number=Sing;_;_;_;@avk1995f-words#Анастасия_Вадимовна_Креслина#119.264#119.652
303;видео;видео;NOUN;_;Animacy=Inan|Case=Gen|Gender=Neut|Number=Sing;_;_;_;@avk1995f-words#Анастасия_Вадимовна_Креслина#119.652#120.04
304;ни;ни;CCONJ;_;_;_;_;_;@avk1995f-words#Анастасия_Вадимовна_Креслина#120.04#120.428
305;в;в;ADP;_;_;_;_;_;@avk1995f-words#Анастасия_Вадимовна_Креслина#120.428#120.816
306;наших;наш;DET;_;Case=Loc|Number=Plur;_;_;_;@avk1995f-words#Анастасия_Вадимовна_Креслина#120.816#121.204
307;треках;трек;NOUN;_;Animacy=Inan|Case=Loc|Gender=Fem|Number=Plur;_;_;_;@avk1995f-words#Анастасия_Вадимовна_Креслина#121.204#121.604
308;никакого;никакой;DET;_;Case=Gen|Gender=Neut|Number=Sing;_;_;_;@avk1995f-words#Анастасия_Вадимовна_Креслина#122.372#123.038
309;постановления;постановление;NOUN;_;Animacy=Inan|Case=Gen|Gender=Neut|Number=Sing;_;_;_;@avk1995f-words#Анастасия_Вадимовна_Креслина#123.038#123.704
310;никаких;никакой;DET;_;Case=Gen|Number=Plur;_;_;_;@avk1995f-words#Анастасия_Вадимовна_Креслина#123.704#124.37
311;бумаг;бумага;NOUN;_;Animacy=Inan|Case=Gen|Gender=Fem|Number=Plur;_;_;_;@avk1995f-words#Анастасия_Вадимовна_Креслина#124.37#125.036
312;нигде;нигде;ADV;_;Degree=Pos;_;_;_;@avk1995f-words#Анастасия_Вадимовна_Креслина#125.036#125.702
313;не;не;PART;_;_;_;_;_;@avk1995f-words#Анастасия_Вадимовна_Креслина#125.702#126.368
314;было;быть;VERB;_;Aspect=Imp|Gender=Neut|Mood=Ind|Number=Sing|Tense=Past|VerbForm=Fin|Voice=Act;_;_;_;@avk1995f-words#Анастасия_Вадимовна_Креслина#126.368#127.034
315;просто;просто;PART;_;_;_;_;_;@avk1995f-words#Анастасия_Вадимовна_Креслина#127.034#127.7
316;такая;такой;DET;_;Case=Nom|Gender=Fem|Number=Sing;_;_;_;@avk1995f-words#Анастасия_Вадимовна_Креслина#127.7#128.366
317;/;/;PUNCT;_;_;_;_;_;@avk1995f-words#Анастасия_Вадимовна_Креслина#128.366#129.032
318;эээ;эээ;INTJ;_;_;_;_;_;@avk1995f-words#Анастасия_Вадимовна_Креслина#129.032#129.698
319;настоятельная;настоятельный;ADJ;_;Case=Nom|Degree=Pos|Gender=Fem|Number=Sing;_;_;_;@avk1995f-words#Анастасия_Вадимовна_Креслина#129.698#130.364
320;рекомендация;рекомендация;NOUN;_;Animacy=Inan|Case=Nom|Gender=Fem|Number=Sing;_;_;_;@avk1995f-words#Анастасия_Вадимовна_Креслина#130.364#131.03
321;наши;наш;DET;_;Case=Nom|Number=Plur;_;_;_;@avk1995f-words#Анастасия_Вадимовна_Креслина#131.03#131.696
322;концерты;концерт;NOUN;_;Animacy=Anim|Case=Nom|Gender=Masc|Number=Plur;_;_;_;@avk1995f-words#Анастасия_Вадимовна_Креслина#131.696#132.372
323;не;не;PART;_;_;_;_;_;@avk1995f-words#Анастасия_Вадимовна_Креслина#133.125#133.543
324;проводить;проводить;VERB;_;Aspect=Imp|VerbForm=Inf|Voice=Act;_;_;_;@avk1995f-words#Анастасия_Вадимовна_Креслина#133.543#133.961
325;/;/;PUNCT;_;_;_;_;_;@avk1995f-words#Анастасия_Вадимовна_Креслина#133.961#134.379
326;и;и;CCONJ;_;_;_;_;_;@avk1995f-words#Анастасия_Вадимовна_Креслина#134.379#134.797
327;поэтому;поэтому;ADV;_;Degree=Pos;_;_;_;@avk1995f-words#Анастасия_Вадимовна_Креслина#134.797#135.215
328;либо;либо;CCONJ;_;_;_;_;_;@avk1995f-words#Анастасия_Вадимовна_Креслина#135.215#135.633
329;запугивали;запугивать;VERB;_;Aspect=Imp|Mood=Ind|Number=Plur|Tense=Past|VerbForm=Fin|Voice=Act;_;_;_;@avk1995f-words#Анастасия_Вадимовна_Креслина#135.633#136.051
330;владельцев;владелец;NOUN;_;Animacy=Anim|Case=Acc|Gender=Masc|Number=Plur;_;_;_;@avk1995f-words#Анастасия_Вадимовна_Креслина#136.051#136.469
331;клубов;клуб;NOUN;_;Animacy=Inan|Case=Gen|Gender=Masc|Number=Plur;_;_;_;@avk1995f-words#Анастасия_Вадимовна_Креслина#136.469#136.887
332;ааа;aaa;INTJ;_;_;_;_;_;@avk1995f-words#Анастасия_Вадимовна_Креслина#136.887#137.312
333;Либо;либо;CCONJ;_;_;_;_;_;@avk1995f-words#Анастасия_Вадимовна_Креслина#137.781#138.109
334;если;если;SCONJ;_;_;_;_;_;@avk1995f-words#Анастасия_Вадимовна_Креслина#138.109#138.437
335;не;не;PART;_;_;_;_;_;@avk1995f-words#Анастасия_Вадимовна_Креслина#138.437#138.765
336;получалось;получаться;VERB;_;Aspect=Imp|Gender=Neut|Mood=Ind|Number=Sing|Tense=Past|VerbForm=Fin|Voice=Mid;_;_;_;@avk1995f-words#Анастасия_Вадимовна_Креслина#138.765#139.093
337;например;например;ADV;_;Degree=Pos;_;_;_;@avk1995f-words#Анастасия_Вадимовна_Креслина#139.093#139.421
338;клуб;клуб;NOUN;_;Animacy=Inan|Case=Nom|Gender=Masc|Number=Sing;_;_;_;@avk1995f-words#Анастасия_Вадимовна_Креслина#139.421#139.749
339;говорил;говорить;VERB;_;Aspect=Imp|Gender=Masc|Mood=Ind|Number=Sing|Tense=Past|VerbForm=Fin|Voice=Act;_;_;_;@avk1995f-words#Анастасия_Вадимовна_Креслина#139.749#140.077
340;нет;нет;VERB;_;Aspect=Imp|Mood=Ind|Number=Sing|Person=3|Tense=Pres|VerbForm=Fin|Voice=Act;_;_;_;@avk1995f-words#Анастасия_Вадимовна_Креслина#140.077#140.405
341;мы;мы;PRON;_;Case=Nom|Number=Plur|Person=1;_;_;_;@avk1995f-words#Анастасия_Вадимовна_Креслина#140.405#140.733
342;все;все;PRON;_;Animacy=Inan|Case=Nom|Gender=Neut|Number=Sing;_;_;_;@avk1995f-words#Анастасия_Вадимовна_Креслина#140.733#141.061
343;равно;равный;ADJ;_;Degree=Pos|Gender=Neut|Number=Sing|Variant=Short;_;_;_;@avk1995f-words#Анастасия_Вадимовна_Креслина#141.061#141.389
344;будем;быть;AUX;_;Aspect=Imp|Mood=Ind|Number=Plur|Person=1|Tense=Pres|VerbForm=Fin|Voice=Act;_;_;_;@avk1995f-words#Анастасия_Вадимовна_Креслина#141.389#141.717
345;делать;делать;VERB;_;Aspect=Imp|VerbForm=Inf|Voice=Act;_;_;_;@avk1995f-words#Анастасия_Вадимовна_Креслина#141.717#142.045
346;концерт;концерт;NOUN;_;Animacy=Inan|Case=Acc|Gender=Masc|Number=Sing;_;_;_;@avk1995f-words#Анастасия_Вадимовна_Креслина#142.045#142.373
347;/;/;PUNCT;_;_;_;_;_;@avk1995f-words#Анастасия_Вадимовна_Креслина#142.373#142.701
348;то;то;SCONJ;_;_;_;_;_;@avk1995f-words#Анастасия_Вадимовна_Креслина#142.701#143.029
349;тогда;тогда;ADV;_;Degree=Pos;_;_;_;@avk1995f-words#Анастасия_Вадимовна_Креслина#143.029#143.357
350;уже;уже;ADV;_;Degree=Pos;_;_;_;@avk1995f-words#Анастасия_Вадимовна_Креслина#143.357#143.685
351;другие;другой;ADJ;_;Animacy=Inan|Case=Acc|Degree=Pos|Number=Plur;_;_;_;@avk1995f-words#Анастасия_Вадимовна_Креслина#143.685#144.013
352;меры;мера;NOUN;_;Animacy=Inan|Case=Acc|Gender=Fem|Number=Plur;_;_;_;@avk1995f-words#Анастасия_Вадимовна_Креслина#144.013#144.341
353;так;так;ADV;_;Degree=Pos;_;_;_;@avk1995f-words#Анастасия_Вадимовна_Креслина#144.341#144.669
354;скажем;сказать;VERB;_;Aspect=Perf|Mood=Ind|Number=Plur|Person=1|Tense=Fut|VerbForm=Fin|Voice=Act;_;_;_;@avk1995f-words#Анастасия_Вадимовна_Креслина#144.669#144.997
355;применяли;применять;VERB;_;Aspect=Imp|Mood=Ind|Number=Plur|Tense=Past|VerbForm=Fin|Voice=Act;_;_;_;@avk1995f-words#Анастасия_Вадимовна_Креслина#144.997#145.325
356;куда-то;куда-то;ADV;_;Degree=Pos;_;_;_;@avk1995f-words#Анастасия_Вадимовна_Креслина#145.325#145.653
357;да;да;PART;_;_;_;_;_;@avk1995f-words#Анастасия_Вадимовна_Креслина#145.653#145.981
358;звонили;звонить;VERB;_;Aspect=Imp|Mood=Ind|Number=Plur|Tense=Past|VerbForm=Fin|Voice=Act;_;_;_;@avk1995f-words#Анастасия_Вадимовна_Креслина#145.981#146.309
359;якобы;якобы;ADV;_;Degree=Pos;_;_;_;@avk1995f-words#Анастасия_Вадимовна_Креслина#146.309#146.637
360;о;о;ADP;_;_;_;_;_;@avk1995f-words#Анастасия_Вадимовна_Креслина#146.637#146.965
361;заложенной;заложить;ADJ;_;Case=Loc|Degree=Pos|Gender=Fem|Number=Sing;_;_;_;@avk1995f-words#Анастасия_Вадимовна_Креслина#146.965#147.293
362;бомбе;бомба;NOUN;_;Animacy=Inan|Case=Loc|Gender=Fem|Number=Sing;_;_;_;@avk1995f-words#Анастасия_Вадимовна_Креслина#147.293#147.621
363;сообщали;сообщать;VERB;_;Aspect=Imp|Mood=Ind|Number=Plur|Tense=Past|VerbForm=Fin|Voice=Act;_;_;_;@avk1995f-words#Анастасия_Вадимовна_Креслина#147.621#147.968
364;куда-то;куда-то;ADV;_;Degree=Pos;_;_;_;@avk1995f-words#Анастасия_Вадимовна_Креслина#147.968#148.358
365;прислали;прислать;VERB;_;Aspect=Imp|Mood=Ind|Number=Plur|Tense=Past|VerbForm=Fin|Voice=Act;_;_;_;@avk1995f-words#Анастасия_Вадимовна_Креслина#148.358#148.748
366;своих;свой;DET;_;Case=Acc|Number=Plur;_;_;_;@avk1995f-words#Анастасия_Вадимовна_Креслина#148.748#149.138
367;же;же;PART;_;_;_;_;_;@avk1995f-words#Анастасия_Вадимовна_Креслина#149.138#149.528
368;сотрудников;сотрудник;NOUN;_;Animacy=Anim|Case=Acc|Gender=Masc|Number=Plur;_;_;_;@avk1995f-words#Анастасия_Вадимовна_Креслина#149.528#149.918
369;в;в;ADP;_;_;_;_;_;@avk1995f-words#Анастасия_Вадимовна_Креслина#149.918#150.308
370;предыдущий;предыдущий;ADJ;_;Animacy=Inan|Case=Acc|Degree=Pos|Gender=Masc|Number=Sing;_;_;_;@avk1995f-words#Анастасия_Вадимовна_Креслина#150.308#150.698
371;вечер;вечер;NOUN;_;Animacy=Inan|Case=Acc|Gender=Masc|Number=Sing;_;_;_;@avk1995f-words#Анастасия_Вадимовна_Креслина#150.698#151.088
372;перед;перед;ADP;_;_;_;_;_;@avk1995f-words#Анастасия_Вадимовна_Креслина#151.088#151.478
373;мероприятием;мероприятие;NOUN;_;Animacy=Inan|Case=Ins|Gender=Neut|Number=Sing;_;_;_;@avk1995f-words#Анастасия_Вадимовна_Креслина#151.478#151.868
374;чтобы;чтобы;SCONJ;_;Mood=Cnd;_;_;_;@avk1995f-words#Анастасия_Вадимовна_Креслина#151.868#152.258
375;они;они;PRON;_;Case=Nom|Number=Plur|Person=3;_;_;_;@avk1995f-words#Анастасия_Вадимовна_Креслина#152.258#152.648
376;заказали;заказать;VERB;_;Aspect=Perf|Mood=Ind|Number=Plur|Tense=Past|VerbForm=Fin|Voice=Act;_;_;_;@avk1995f-words#Анастасия_Вадимовна_Креслина#152.648#153.038
377;еду;еду;NOUN;_;Animacy=Inan|Case=Acc|Gender=Fem|Number=Sing;_;_;_;@avk1995f-words#Анастасия_Вадимовна_Креслина#153.038#153.428
378;и;и;CCONJ;_;_;_;_;_;@avk1995f-words#Анастасия_Вадимовна_Креслина#153.428#153.818
379;якобы;якобы;ADV;_;Degree=Pos;_;_;_;@avk1995f-words#Анастасия_Вадимовна_Креслина#153.818#154.208
380;ей;она;PRON;_;Case=Dat|Gender=Fem|Number=Sing|Person=3;_;_;_;@avk1995f-words#Анастасия_Вадимовна_Креслина#154.208#154.598
381;отравились;отравиться;VERB;_;Aspect=Perf|Mood=Ind|Number=Plur|Tense=Past|VerbForm=Fin|Voice=Mid;_;_;_;@avk1995f-words#Анастасия_Вадимовна_Креслина#154.598#154.988
382;/;/;PUNCT;_;_;_;_;_;@avk1995f-words#Анастасия_Вадимовна_Креслина#154.988#155.378
383;куда-то;куда-то;ADV;_;Degree=Pos;_;_;_;@avk1995f-words#Анастасия_Вадимовна_Креслина#155.378#155.768
384;просто;просто;PART;_;_;_;_;_;@avk1995f-words#Анастасия_Вадимовна_Креслина#155.768#156.158
385;приходили;приходить;VERB;_;Aspect=Imp|Mood=Ind|Number=Plur|Tense=Past|VerbForm=Fin|Voice=Act;_;_;_;@avk1995f-words#Анастасия_Вадимовна_Креслина#156.158#156.548
386;конкретно;конкретно;ADV;_;Degree=Pos;_;_;_;@avk1995f-words#Анастасия_Вадимовна_Креслина#156.548#156.938
387;с;с;ADP;_;_;_;_;_;@avk1995f-words#Анастасия_Вадимовна_Креслина#156.938#157.328
388;угрозами;угроза;NOUN;_;Animacy=Inan|Case=Ins|Gender=Fem|Number=Plur;_;_;_;@avk1995f-words#Анастасия_Вадимовна_Креслина#157.328#157.718
389;ну;ну;PART;_;_;_;_;_;@avk1995f-words#Анастасия_Вадимовна_Креслина#157.718#158.108
390;прям;прямо;PART;_;_;_;_;_;@avk1995f-words#Анастасия_Вадимовна_Креслина#158.108#158.498
391;типа;типа;PART;_;_;_;_;_;@avk1995f-words#Анастасия_Вадимовна_Креслина#158.498#158.888
392;мы;мы;PRON;_;Case=Nom|Number=Plur|Person=1;_;_;_;@avk1995f-words#Анастасия_Вадимовна_Креслина#158.888#159.278
393;тут;тут;ADV;_;Degree=Pos;_;_;_;@avk1995f-words#Анастасия_Вадимовна_Креслина#159.278#159.668
394;вам;вы;PRON;_;Case=Dat|Number=Plur|Person=2;_;_;_;@avk1995f-words#Анастасия_Вадимовна_Креслина#159.668#160.058
395;не;не;PART;_;_;_;_;_;@avk1995f-words#Анастасия_Вадимовна_Креслина#160.058#160.448
396;знаю;знать;VERB;_;Aspect=Imp|Mood=Ind|Number=Sing|Person=1|Tense=Pres|VerbForm=Fin|Voice=Act;_;_;_;@avk1995f-words#Анастасия_Вадимовна_Креслина#160.448#160.838
397;/;/;PUNCT;_;_;_;_;_;@avk1995f-words#Анастасия_Вадимовна_Креслина#160.838#161.228
398;побьем;побье;ADV;_;Degree=Pos;_;_;_;@avk1995f-words#Анастасия_Вадимовна_Креслина#161.228#161.618
399;стекла;стекло;NOUN;_;Animacy=Inan|Case=Nom|Gender=Neut|Number=Plur;_;_;_;@avk1995f-words#Анастасия_Вадимовна_Креслина#161.618#162.008
400;/;/;PUNCT;_;_;_;_;_;@avk1995f-words#Анастасия_Вадимовна_Креслина#162.008#162.398
401;ну;ну;PART;_;_;_;_;_;@avk1995f-words#Анастасия_Вадимовна_Креслина#162.398#162.788
402;очень;очень;ADV;_;Degree=Pos;_;_;_;@avk1995f-words#Анастасия_Вадимовна_Креслина#162.788#163.178
403;много;много;ADV;_;Degree=Pos;_;_;_;@avk1995f-words#Анастасия_Вадимовна_Креслина#163.178#163.568
404;разных;разный;ADJ;_;Case=Gen|Degree=Pos|Number=Plur;_;_;_;@avk1995f-words#Анастасия_Вадимовна_Креслина#163.568#163.958
405;способов;способ;NOUN;_;Animacy=Inan|Case=Gen|Gender=Masc|Number=Plur;_;_;_;@avk1995f-words#Анастасия_Вадимовна_Креслина#163.958#164.348
406;очень;очень;ADV;_;Degree=Pos;_;_;_;@avk1995f-words#Анастасия_Вадимовна_Креслина#164.348#164.738
407;все;весь;DET;_;Case=Acc|Gender=Neut|Number=Sing;_;_;_;@avk1995f-words#Анастасия_Вадимовна_Креслина#164.738#165.128
408;это;это;DET;_;Case=Acc|Gender=Neut|Number=Sing;_;_;_;@avk1995f-words#Анастасия_Вадимовна_Креслина#165.128#165.518
409;мерзко;мерзко;NOUN;_;Animacy=Inan|Case=Acc|Gender=Neut|Number=Sing;_;_;_;@avk1995f-words#Анастасия_Вадимовна_Креслина#165.518#165.908
410;мне;я;PRON;_;Case=Dat|Number=Sing|Person=1;_;_;_;@avk1995f-words#Анастасия_Вадимовна_Креслина#165.908#166.298
411;кажется;казаться;VERB;_;Aspect=Imp|Mood=Ind|Number=Sing|Person=3|Tense=Pres|VerbForm=Fin|Voice=Mid;_;_;_;@avk1995f-words#Анастасия_Вадимовна_Креслина#166.298#166.688
412;и;и;CCONJ;_;_;_;_;_;@avk1995f-words#Анастасия_Вадимовна_Креслина#166.688#167.078
413;одновременно;одновременно;ADV;_;Degree=Pos;_;_;_;@avk1995f-words#Анастасия_Вадимовна_Креслина#167.078#167.468
414;смешно;смешной;ADV;_;Degree=Pos;_;_;_;@avk1995f-words#Анастасия_Вадимовна_Креслина#167.468#167.858
415;и;и;CCONJ;_;_;_;_;_;@avk1995f-words#Анастасия_Вадимовна_Креслина#167.858#168.248
416;комично;комичный;ADV;_;Degree=Pos;_;_;_;@avk1995f-words#Анастасия_Вадимовна_Креслина#168.248#168.638
417;потому;потому;ADV;_;Degree=Pos;_;_;_;@avk1995f-words#Анастасия_Вадимовна_Креслина#168.638#169.028
418;что;что;SCONJ;_;_;_;_;_;@avk1995f-words#Анастасия_Вадимовна_Креслина#169.028#169.418
419;/;/;PUNCT;_;_;_;_;_;@avk1995f-words#Анастасия_Вадимовна_Креслина#169.418#169.808
420;иллюстрирует;иллюстрировать;VERB;_;Aspect=Imp|Mood=Ind|Number=Sing|Person=3|Tense=Pres|VerbForm=Fin|Voice=Act;_;_;_;@avk1995f-words#Анастасия_Вадимовна_Креслина#169.808#170.198
421;какое-то;какой-то;DET;_;Case=Acc|Gender=Neut|Number=Sing;_;_;_;@avk1995f-words#Анастасия_Вадимовна_Креслина#170.198#170.588
422;бессилие;бессилие;NOUN;_;Animacy=Inan|Case=Acc|Gender=Neut|Number=Sing;_;_;_;@avk1995f-words#Анастасия_Вадимовна_Креслина#170.588#170.978
423;/;/;PUNCT;_;_;_;_;_;@avk1995f-words#Анастасия_Вадимовна_Креслина#170.978#171.368
424;властей;власть;NOUN;_;Animacy=Inan|Case=Gen|Gender=Fem|Number=Plur;_;_;_;@avk1995f-words#Анастасия_Вадимовна_Креслина#171.368#171.758
425;по;по;ADP;_;_;_;_;_;@avk1995f-words#Анастасия_Вадимовна_Креслина#171.758#172.148
426;отношению;отношение;NOUN;_;Animacy=Inan|Case=Dat|Gender=Neut|Number=Sing;_;_;_;@avk1995f-words#Анастасия_Вадимовна_Креслина#172.148#172.538
427;к;к;ADP;_;_;_;_;_;@avk1995f-words#Анастасия_Вадимовна_Креслина#172.538#172.928
428;современной;современный;ADJ;_;Case=Dat|Degree=Pos|Gender=Fem|Number=Sing;_;_;_;@avk1995f-words#Анастасия_Вадимовна_Креслина#172.928#173.318
429;культуре;культура;NOUN;_;Animacy=Inan|Case=Dat|Gender=Fem|Number=Sing;_;_;_;@avk1995f-words#Анастасия_Вадимовна_Креслина#173.318#173.708
430;и;и;CCONJ;_;_;_;_;_;@avk1995f-words#Анастасия_Вадимовна_Креслина#173.708#174.098
431;к;к;ADP;_;_;_;_;_;@avk1995f-words#Анастасия_Вадимовна_Креслина#174.098#174.488
432;музыке;музыка;NOUN;_;Animacy=Inan|Case=Dat|Gender=Fem|Number=Sing;_;_;_;@avk1995f-words#Анастасия_Вадимовна_Креслина#174.488#174.878
433;/;/;PUNCT;_;_;_;_;_;@avk1995f-words#Анастасия_Вадимовна_Креслина#174.878#175.268
434;и;и;CCONJ;_;_;_;_;_;@avk1995f-words#Анастасия_Вадимовна_Креслина#175.268#175.658
435;вообще;вообще;ADV;_;Degree=Pos;_;_;_;@avk1995f-words#Анастасия_Вадимовна_Креслина#175.658#176.048
436;тешит;тешить;VERB;_;Aspect=Imp|Mood=Ind|Number=Sing|Person=3|Tense=Pres|VerbForm=Fin|Voice=Act;_;_;_;@avk1995f-words#Анастасия_Вадимовна_Креслина#176.048#176.438
437;очень;очень;ADV;_;Degree=Pos;_;_;_;@avk1995f-words#Анастасия_Вадимовна_Креслина#176.438#176.828
438;сильно;сильно;ADV;_;Degree=Pos;_;_;_;@avk1995f-words#Анастасия_Вадимовна_Креслина#176.828#177.218
439;эго;эго;X;_;_;_;_;_;@avk1995f-words#Анастасия_Вадимовна_Креслина#177.218#177.608
440;потому;потому;ADV;_;Degree=Pos;_;_;_;@avk1995f-words#Анастасия_Вадимовна_Креслина#177.608#177.998
441;что;что;SCONJ;_;_;_;_;_;@avk1995f-words#Анастасия_Вадимовна_Креслина#177.998#178.388
442;начинаешь;начинать;VERB;_;Aspect=Imp|Mood=Ind|Number=Sing|Person=2|Tense=Pres|VerbForm=Fin|Voice=Act;_;_;_;@avk1995f-words#Анастасия_Вадимовна_Креслина#178.388#178.778
443;думать;думать;VERB;_;Aspect=Imp|VerbForm=Inf|Voice=Act;_;_;_;@avk1995f-words#Анастасия_Вадимовна_Креслина#178.778#179.168
444;что;что;SCONJ;_;_;_;_;_;@avk1995f-words#Анастасия_Вадимовна_Креслина#179.168#179.558
445;ты;ты;PRON;_;Case=Nom|Number=Sing|Person=2;_;_;_;@avk1995f-words#Анастасия_Вадимовна_Креслина#179.558#179.948
446;на;на;ADP;_;_;_;_;_;@avk1995f-words#Анастасия_Вадимовна_Креслина#179.948#180.338
447;самом;самый;ADJ;_;Case=Loc|Degree=Pos|Gender=Neut|Number=Sing;_;_;_;@avk1995f-words#Анастасия_Вадимовна_Креслина#180.338#180.728
448;деле;дело;NOUN;_;Animacy=Inan|Case=Loc|Gender=Neut|Number=Sing;_;_;_;@avk1995f-words#Анастасия_Вадимовна_Креслина#180.728#181.118
449;мы;мы;PRON;_;Case=Nom|Number=Plur|Person=1;_;_;_;@avk1995f-words#Анастасия_Вадимовна_Креслина#181.118#181.508
450;понимаем;понимать;VERB;_;Aspect=Imp|Mood=Ind|Number=Plur|Person=1|Tense=Pres|VerbForm=Fin|Voice=Act;_;_;_;@avk1995f-words#Анастасия_Вадимовна_Креслина#181.508#181.898
451;что;что;SCONJ;_;_;_;_;_;@avk1995f-words#Анастасия_Вадимовна_Креслина#181.898#182.288
452;мы;мы;PRON;_;Case=Nom|Number=Plur|Person=1;_;_;_;@avk1995f-words#Анастасия_Вадимовна_Креслина#182.288#182.678
453;два;два;NUM;_;Case=Nom|Gender=Masc;_;_;_;@avk1995f-words#Анастасия_Вадимовна_Креслина#182.678#183.068
454;маленьких;маленький;ADJ;_;Case=Gen|Degree=Pos|Number=Plur;_;_;_;@avk1995f-words#Анастасия_Вадимовна_Креслина#183.068#183.458
455;человечка;человечка;NOUN;_;Animacy=Anim|Case=Gen|Gender=Masc|Number=Sing;_;_;_;@avk1995f-words#Анастасия_Вадимовна_Креслина#183.458#183.848
456;хужожника;хужожник;NOUN;_;Animacy=Anim|Case=Gen|Gender=Masc|Number=Sing;_;_;_;@avk1995f-words#Анастасия_Вадимовна_Креслина#183.848#184.238
457;но;но;CCONJ;_;_;_;_;_;@avk1995f-words#Анастасия_Вадимовна_Креслина#184.238#184.628
458;при;при;ADP;_;_;_;_;_;@avk1995f-words#Анастасия_Вадимовна_Креслина#184.628#185.018
459;этом;это;PRON;_;Animacy=Inan|Case=Loc|Gender=Neut|Number=Sing;_;_;_;@avk1995f-words#Анастасия_Вадимовна_Креслина#185.018#185.408
460;за;за;ADP;_;_;_;_;_;@avk1995f-words#Анастасия_Вадимовна_Креслина#185.408#185.798
461;нами;мы;PRON;_;Case=Ins|Number=Plur|Person=1;_;_;_;@avk1995f-words#Анастасия_Вадимовна_Креслина#185.798#186.188
462;просто;просто;PART;_;_;_;_;_;@avk1995f-words#Анастасия_Вадимовна_Креслина#186.188#186.578
463;эээ;эээ;INTJ;_;_;_;_;_;@avk1995f-words#Анастасия_Вадимовна_Креслина#186.578#186.968
464;по;по;ADP;_;_;_;_;_;@avk1995f-words#Анастасия_Вадимовна_Креслина#186.968#187.358
465;городам;город;NOUN;_;Animacy=Inan|Case=Dat|Gender=Masc|Number=Plur;_;_;_;@avk1995f-words#Анастасия_Вадимовна_Креслина#187.358#187.748
466;гоняется;гоняться;VERB;_;Aspect=Imp|Mood=Ind|Number=Sing|Person=3|Tense=Pres|VerbForm=Fin|Voice=Mid;_;_;_;@avk1995f-words#Анастасия_Вадимовна_Креслина#187.748#188.138
467;фсб;фсб;NOUN;_;Animacy=Inan|Case=Nom|Gender=Fem|Number=Sing;_;_;_;@avk1995f-words#Анастасия_Вадимовна_Креслина#188.138#188.528
468;/;/;PUNCT;_;_;_;_;_;@avk1995f-words#Анастасия_Вадимовна_Креслина#188.528#188.918
469;как;как;SCONJ;_;_;_;_;_;@avk1995f-words#Анастасия_Вадимовна_Креслина#188.918#189.308
470;в;в;ADP;_;_;_;_;_;@avk1995f-words#Анастасия_Вадимовна_Креслина#189.308#189.698
471;каком;какой;DET;_;Case=Loc|Gender=Masc|Number=Sing;_;_;_;@avk1995f-words#Анастасия_Вадимовна_Креслина#189.698#190.088
472;то;то;SCONJ;_;_;_;_;_;@avk1995f-words#Анастасия_Вадимовна_Креслина#190.088#190.478
473;дурацком;дурацкий;ADJ;_;Case=Loc|Degree=Pos|Gender=Masc|Number=Sing;_;_;_;@avk1995f-words#Анастасия_Вадимовна_Креслина#190.478#190.868
474;фильме;фильм;NOUN;_;Animacy=Inan|Case=Loc|Gender=Masc|Number=Sing;_;_;_;@avk1995f-words#Анастасия_Вадимовна_Креслина#190.868#191.343
475;Это;это;PRON;_;Animacy=Inan|Case=Nom|Gender=Neut|Number=Sing;_;_;_;@avk1995f-words#Анастасия_Вадимовна_Креслина#198.625#199.056
476;/;/;PUNCT;_;_;_;_;_;@avk1995f-words#Анастасия_Вадимовна_Креслина#199.056#199.487
477;одновременно;одновременно;ADV;_;Degree=Pos;_;_;_;@avk1995f-words#Анастасия_Вадимовна_Креслина#199.487#199.918
478;вроде;вроде;ADV;_;Degree=Pos;_;_;_;@avk1995f-words#Анастасия_Вадимовна_Креслина#199.918#200.349
479;страшно;страшный;ADV;_;Degree=Pos;_;_;_;@avk1995f-words#Анастасия_Вадимовна_Креслина#200.349#200.78
480;ничего;ничто;PRON;_;Case=Gen;_;_;_;@avk1995f-words#Анастасия_Вадимовна_Креслина#200.78#201.211
481;в;в;ADP;_;_;_;_;_;@avk1995f-words#Анастасия_Вадимовна_Креслина#201.211#201.642
482;этом;этот;PRON;_;Animacy=Inan|Case=Loc|Gender=Neut|Number=Sing;_;_;_;@avk1995f-words#Анастасия_Вадимовна_Креслина#201.642#202.073
483;классного;классный;ADJ;_;Case=Gen|Degree=Pos|Gender=Neut|Number=Sing;_;_;_;@avk1995f-words#Анастасия_Вадимовна_Креслина#202.073#202.504
484;нет;нет;VERB;_;Aspect=Imp|Mood=Ind|Number=Sing|Person=3|Tense=Pres|VerbForm=Fin|Voice=Act;_;_;_;@avk1995f-words#Анастасия_Вадимовна_Креслина#202.504#202.935
485;/;/;PUNCT;_;_;_;_;_;@avk1995f-words#Анастасия_Вадимовна_Креслина#202.935#203.366
486;но;но;CCONJ;_;_;_;_;_;@avk1995f-words#Анастасия_Вадимовна_Креслина#203.366#203.797
487;в;в;ADP;_;_;_;_;_;@avk1995f-words#Анастасия_Вадимовна_Креслина#203.797#204.228
488;то;тот;DET;_;Case=Acc|Gender=Neut|Number=Sing;_;_;_;@avk1995f-words#Анастасия_Вадимовна_Креслина#204.228#204.659
489;же;же;PART;_;_;_;_;_;@avk1995f-words#Анастасия_Вадимовна_Креслина#204.659#205.09
490;время;время;NOUN;_;Animacy=Inan|Case=Acc|Gender=Neut|Number=Sing;_;_;_;@avk1995f-words#Анастасия_Вадимовна_Креслина#205.09#205.521
491;начинаешь;начинать;VERB;_;Aspect=Imp|Mood=Ind|Number=Sing|Person=2|Tense=Pres|VerbForm=Fin|Voice=Act;_;_;_;@avk1995f-words#Анастасия_Вадимовна_Креслина#205.521#205.952
492;думать;думать;VERB;_;Aspect=Imp|VerbForm=Inf|Voice=Act;_;_;_;@avk1995f-words#Анастасия_Вадимовна_Креслина#205.952#206.383
493;что;что;PRON;_;Case=Acc;_;_;_;@avk1995f-words#Анастасия_Вадимовна_Креслина#206.383#206.814
494;/;/;PUNCT;_;_;_;_;_;@avk1995f-words#Анастасия_Вадимовна_Креслина#206.814#207.245
495;я;я;PRON;_;Case=Nom|Number=Sing|Person=1;_;_;_;@avk1995f-words#Анастасия_Вадимовна_Креслина#207.245#207.676
496;действительно;действительно;ADV;_;Degree=Pos;_;_;_;@avk1995f-words#Анастасия_Вадимовна_Креслина#207.676#208.107
497;какую-то;какой-то;DET;_;Case=Acc|Gender=Fem|Number=Sing;_;_;_;@avk1995f-words#Анастасия_Вадимовна_Креслина#208.107#208.538
498;/;/;PUNCT;_;_;_;_;_;@avk1995f-words#Анастасия_Вадимовна_Креслина#208.969#209.4
499;угрозу;угроза;NOUN;_;Animacy=Inan|Case=Acc|Gender=Fem|Number=Sing;_;_;_;@avk1995f-words#Анастасия_Вадимовна_Креслина#209.4#209.831
500;эээ;эээ;INTJ;_;_;_;_;_;@avk1995f-words#Анастасия_Вадимовна_Креслина#209.831#210.262
501;чему-то;что-то;PRON;_;Case=Dat;_;_;_;@avk1995f-words#Анастасия_Вадимовна_Креслина#210.262#210.718
502;такому;такой;DET;_;Case=Dat|Gender=Masc|Number=Sing;_;_;_;@avk1995f-words#Анастасия_Вадимовна_Креслина#211.406#212.147
503;традиционному;традиционный;ADJ;_;Case=Dat|Degree=Pos|Gender=Neut|Number=Sing;_;_;_;@avk1995f-words#Анастасия_Вадимовна_Креслина#212.147#212.888
504;сложившемуся;сложившемуся;VERB;_;Aspect=Perf|Case=Dat|Gender=Neut|Number=Sing|Tense=Past|VerbForm=Part|Voice=Mid;_;_;_;@avk1995f-words#Анастасия_Вадимовна_Креслина#212.888#213.629
505;представляю;представлять;VERB;_;Aspect=Imp|Mood=Ind|Number=Sing|Person=1|Tense=Pres|VerbForm=Fin|Voice=Act;_;_;_;@avk1995f-words#Анастасия_Вадимовна_Креслина#213.629#214.37
506;просто;просто;PART;_;_;_;_;_;@avk1995f-words#Анастасия_Вадимовна_Креслина#214.37#215.111
507;своей;свой;DET;_;Case=Ins|Gender=Fem|Number=Sing;_;_;_;@avk1995f-words#Анастасия_Вадимовна_Креслина#215.111#215.852
508;песенкой;песенка;NOUN;_;Animacy=Inan|Case=Ins|Gender=Fem|Number=Sing;_;_;_;@avk1995f-words#Анастасия_Вадимовна_Креслина#215.852#216.593
509;это;это;PRON;_;Animacy=Inan|Case=Nom|Gender=Neut|Number=Sing;_;_;_;@avk1995f-words#Анастасия_Вадимовна_Креслина#216.968#217.447
510;ж;же;PART;_;_;_;_;_;@avk1995f-words#Анастасия_Вадимовна_Креслина#217.447#217.926
511;смешно;смешной;ADJ;_;Degree=Pos|Gender=Neut|Number=Sing|Variant=Short;_;_;_;@avk1995f-words#Анастасия_Вадимовна_Креслина#217.926#218.406
512;Наверное;Наверной;ADV;_;Degree=Pos;_;_;_;@avk1995f-words#Анастасия_Вадимовна_Креслина#222.093#222.541
513;потому;потому;ADV;_;Degree=Pos;_;_;_;@avk1995f-words#Анастасия_Вадимовна_Креслина#222.541#222.989
514;что;что;SCONJ;_;_;_;_;_;@avk1995f-words#Анастасия_Вадимовна_Креслина#222.989#223.437
515;залезли;залезть;VERB;_;Aspect=Perf|Mood=Ind|Number=Plur|Tense=Past|VerbForm=Fin|Voice=Act;_;_;_;@avk1995f-words#Анастасия_Вадимовна_Креслина#223.437#223.885
516;на;на;ADP;_;_;_;_;_;@avk1995f-words#Анастасия_Вадимовна_Креслина#223.885#224.333
517;плечи;плечо;NOUN;_;Animacy=Inan|Case=Acc|Gender=Neut|Number=Plur;_;_;_;@avk1995f-words#Анастасия_Вадимовна_Креслина#224.333#224.781
518;омоновцам;омоновец;NOUN;_;Animacy=Anim|Case=Dat|Gender=Masc|Number=Plur;_;_;_;@avk1995f-words#Анастасия_Вадимовна_Креслина#224.781#225.229
519;на;на;ADP;_;_;_;_;_;@avk1995f-words#Анастасия_Вадимовна_Креслина#225.229#225.677
520;Лубянке?;лубянке?;SYM;_;_;_;_;_;@avk1995f-words#Анастасия_Вадимовна_Креслина#225.677#226.125
521;Ну;ну;PART;_;_;_;_;_;@avk1995f-words#Анастасия_Вадимовна_Креслина#227.031#227.518
522;ммм;ммм;INTJ;_;_;_;_;_;@avk1995f-words#Анастасия_Вадимовна_Креслина#227.518#228.005
523;наверное;наверное;ADV;_;Degree=Pos;_;_;_;@avk1995f-words#Анастасия_Вадимовна_Креслина#228.005#228.492
524;как;как;SCONJ;_;_;_;_;_;@avk1995f-words#Анастасия_Вадимовна_Креслина#228.492#228.979
525;раз;раз;NOUN;_;Animacy=Inan|Case=Acc|Gender=Masc|Number=Sing;_;_;_;@avk1995f-words#Анастасия_Вадимовна_Креслина#228.979#229.466
526;таки;таки;PART;_;_;_;_;_;@avk1995f-words#Анастасия_Вадимовна_Креслина#229.466#229.953
527;потому;потому;ADV;_;Degree=Pos;_;_;_;@avk1995f-words#Анастасия_Вадимовна_Креслина#229.953#230.44
528;что;что;SCONJ;_;_;_;_;_;@avk1995f-words#Анастасия_Вадимовна_Креслина#230.44#230.927
529;наши;наш;DET;_;Case=Nom|Number=Plur;_;_;_;@avk1995f-words#Анастасия_Вадимовна_Креслина#230.927#231.414
530;видео;видео;NOUN;_;Animacy=Inan|Case=Nom|Gender=Neut|Number=Sing;_;_;_;@avk1995f-words#Анастасия_Вадимовна_Креслина#231.414#231.901
531;не;не;PART;_;_;_;_;_;@avk1995f-words#Анастасия_Вадимовна_Креслина#231.901#232.388
532;заблокировать;заблокировать;VERB;_;Aspect=Perf|VerbForm=Inf|Voice=Act;_;_;_;@avk1995f-words#Анастасия_Вадимовна_Креслина#232.388#232.875
533;потому;потому;ADV;_;Degree=Pos;_;_;_;@avk1995f-words#Анастасия_Вадимовна_Креслина#233.25#233.651
534;что;что;SCONJ;_;_;_;_;_;@avk1995f-words#Анастасия_Вадимовна_Креслина#233.651#234.052
535;к;к;ADP;_;_;_;_;_;@avk1995f-words#Анастасия_Вадимовна_Креслина#234.052#234.453
536;тексту;текст;NOUN;_;Animacy=Inan|Case=Dat|Gender=Masc|Number=Sing;_;_;_;@avk1995f-words#Анастасия_Вадимовна_Креслина#234.453#234.854
537;не;не;PART;_;_;_;_;_;@avk1995f-words#Анастасия_Вадимовна_Креслина#234.854#235.255
538;придерешься;придраться;VERB;_;Aspect=Perf|Mood=Ind|Number=Sing|Person=2|Tense=Fut|VerbForm=Fin|Voice=Mid;_;_;_;@avk1995f-words#Анастасия_Вадимовна_Креслина#235.255#235.656
539;потому;потому;ADV;_;Degree=Pos;_;_;_;@avk1995f-words#Анастасия_Вадимовна_Креслина#235.718#236.202
540;что;что;SCONJ;_;_;_;_;_;@avk1995f-words#Анастасия_Вадимовна_Креслина#236.202#236.686
541;матом;мат;NOUN;_;Animacy=Inan|Case=Ins|Gender=Masc|Number=Sing;_;_;_;@avk1995f-words#Анастасия_Вадимовна_Креслина#236.686#237.17
542;мы;мы;PRON;_;Case=Nom|Number=Plur|Person=1;_;_;_;@avk1995f-words#Анастасия_Вадимовна_Креслина#237.17#237.654
543;в;в;ADP;_;_;_;_;_;@avk1995f-words#Анастасия_Вадимовна_Креслина#237.654#238.138
544;треках;трек;NOUN;_;Animacy=Inan|Case=Loc|Gender=Masc|Number=Plur;_;_;_;@avk1995f-words#Анастасия_Вадимовна_Креслина#238.138#238.622
545;не;не;PART;_;_;_;_;_;@avk1995f-words#Анастасия_Вадимовна_Креслина#238.622#239.106
546;ругаемся;ругаться;VERB;_;Aspect=Imp|Mood=Ind|Number=Plur|Person=1|Tense=Pres|VerbForm=Fin|Voice=Mid;_;_;_;@avk1995f-words#Анастасия_Вадимовна_Креслина#239.106#239.59
547;ниче;ничего;PRON;_;Case=Gen;_;_;_;@avk1995f-words#Анастасия_Вадимовна_Креслина#239.59#240.074
548;не;не;PART;_;_;_;_;_;@avk1995f-words#Анастасия_Вадимовна_Креслина#240.074#240.558
549;пропагандируем;пропагандировать;VERB;_;Aspect=Imp|Mood=Ind|Number=Plur|Person=1|Tense=Pres|VerbForm=Fin|Voice=Act;_;_;_;@avk1995f-words#Анастасия_Вадимовна_Креслина#240.558#241.042
550;про;про;ADP;_;_;_;_;_;@avk1995f-words#Анастасия_Вадимовна_Креслина#241.042#241.526
551;наркотики;наркотик;NOUN;_;Animacy=Inan|Case=Acc|Gender=Masc|Number=Plur;_;_;_;@avk1995f-words#Анастасия_Вадимовна_Креслина#241.526#242.01
552;не;не;PART;_;_;_;_;_;@avk1995f-words#Анастасия_Вадимовна_Креслина#242.01#242.494
553;поем;петь;VERB;_;Aspect=Perf|Mood=Ind|Number=Plur|Person=1|Tense=Pres|VerbForm=Fin|Voice=Act;_;_;_;@avk1995f-words#Анастасия_Вадимовна_Креслина#242.494#242.978
554;не;не;PART;_;_;_;_;_;@avk1995f-words#Анастасия_Вадимовна_Креслина#242.978#243.462
555;призываем;призывать;VERB;_;Aspect=Imp|Mood=Ind|Number=Plur|Person=1|Tense=Pres|VerbForm=Fin|Voice=Act;_;_;_;@avk1995f-words#Анастасия_Вадимовна_Креслина#243.462#243.946
556;никого;никто;PRON;_;Case=Gen;_;_;_;@avk1995f-words#Анастасия_Вадимовна_Креслина#243.946#244.43
557;ничего;ничто;PRON;_;Case=Gen;_;_;_;@avk1995f-words#Анастасия_Вадимовна_Креслина#244.43#244.914
558;такого;такой;DET;_;Case=Gen|Gender=Neut|Number=Sing;_;_;_;@avk1995f-words#Анастасия_Вадимовна_Креслина#244.914#245.398
559;делать;делать;VERB;_;Aspect=Imp|VerbForm=Inf|Voice=Act;_;_;_;@avk1995f-words#Анастасия_Вадимовна_Креслина#245.398#245.882
560;и;и;PART;_;_;_;_;_;@avk1995f-words#Анастасия_Вадимовна_Креслина#245.882#246.366
561;такая;такой;DET;_;Case=Nom|Gender=Fem|Number=Sing;_;_;_;@avk1995f-words#Анастасия_Вадимовна_Креслина#246.366#246.85
562;реакция;реакция;NOUN;_;Animacy=Inan|Case=Nom|Gender=Fem|Number=Sing;_;_;_;@avk1995f-words#Анастасия_Вадимовна_Креслина#246.85#247.334
563;у;у;ADP;_;_;_;_;_;@avk1995f-words#Анастасия_Вадимовна_Креслина#247.334#247.818
564;людей;человек;NOUN;_;Animacy=Anim|Case=Gen|Gender=Masc|Number=Plur;_;_;_;@avk1995f-words#Анастасия_Вадимовна_Креслина#247.818#248.302
565;такая;такой;DET;_;Case=Nom|Gender=Fem|Number=Sing;_;_;_;@avk1995f-words#Анастасия_Вадимовна_Креслина#248.302#248.786
566;поддержка;поддержка;NOUN;_;Animacy=Inan|Case=Nom|Gender=Fem|Number=Sing;_;_;_;@avk1995f-words#Анастасия_Вадимовна_Креслина#248.786#249.281
567;ааа;ааа;INTJ;_;_;_;_;_;@avk1995f-words#Анастасия_Вадимовна_Креслина#249.937#250.277
568;ну;ну;PART;_;_;_;_;_;@avk1995f-words#Анастасия_Вадимовна_Креслина#250.277#250.617
569;это;это;PRON;_;Animacy=Inan|Case=Nom|Gender=Neut|Number=Sing;_;_;_;@avk1995f-words#Анастасия_Вадимовна_Креслина#250.617#250.957
570;политическая;политический;ADJ;_;Case=Nom|Degree=Pos|Gender=Fem|Number=Sing;_;_;_;@avk1995f-words#Анастасия_Вадимовна_Креслина#250.957#251.297
571;сатира;сатира;NOUN;_;Animacy=Inan|Case=Nom|Gender=Fem|Number=Sing;_;_;_;@avk1995f-words#Анастасия_Вадимовна_Креслина#251.297#251.637
572;же;же;PART;_;_;_;_;_;@avk1995f-words#Анастасия_Вадимовна_Креслина#251.637#251.977
573;как;как;ADV;_;Degree=Pos;_;_;_;@avk1995f-words#Анастасия_Вадимовна_Креслина#251.977#252.317
574;бы;бы;PART;_;_;_;_;_;@avk1995f-words#Анастасия_Вадимовна_Креслина#252.317#252.657
575;и;и;PART;_;_;_;_;_;@avk1995f-words#Анастасия_Вадимовна_Креслина#252.657#252.997
576;видео;видео;NOUN;_;Animacy=Inan|Case=Gen|Gender=Neut|Number=Sing;_;_;_;@avk1995f-words#Анастасия_Вадимовна_Креслина#252.997#253.337
577;и;и;CCONJ;_;_;_;_;_;@avk1995f-words#Анастасия_Вадимовна_Креслина#253.337#253.677
578;текст;текст;NOUN;_;Animacy=Inan|Case=Acc|Gender=Masc|Number=Sing;_;_;_;@avk1995f-words#Анастасия_Вадимовна_Креслина#253.677#254.017
579;и;и;CCONJ;_;_;_;_;_;@avk1995f-words#Анастасия_Вадимовна_Креслина#254.017#254.357
580;/;/;PUNCT;_;_;_;_;_;@avk1995f-words#Анастасия_Вадимовна_Креслина#254.357#254.697
581;опять;опять;ADV;_;Degree=Pos;_;_;_;@avk1995f-words#Анастасия_Вадимовна_Креслина#254.697#255.037
582;повторюсь;повториться;VERB;_;Aspect=Perf|Mood=Ind|Number=Sing|Person=1|Tense=Fut|VerbForm=Fin|Voice=Mid;_;_;_;@avk1995f-words#Анастасия_Вадимовна_Креслина#255.037#255.377
583;что;что;SCONJ;_;_;_;_;_;@avk1995f-words#Анастасия_Вадимовна_Креслина#255.377#255.717
584;ничего;ничто;PRON;_;Case=Gen;_;_;_;@avk1995f-words#Анастасия_Вадимовна_Креслина#255.717#256.057
585;нового;новый;ADJ;_;Case=Gen|Degree=Pos|Gender=Neut|Number=Sing;_;_;_;@avk1995f-words#Анастасия_Вадимовна_Креслина#256.057#256.397
586;не;не;PART;_;_;_;_;_;@avk1995f-words#Анастасия_Вадимовна_Креслина#256.397#256.737
587;сказано;сказать;VERB;_;Aspect=Perf|Gender=Neut|Number=Sing|Tense=Past|Variant=Short|VerbForm=Part|Voice=Pass;_;_;_;@avk1995f-words#Анастасия_Вадимовна_Креслина#256.737#257.077
588;просто;просто;PART;_;_;_;_;_;@avk1995f-words#Анастасия_Вадимовна_Креслина#257.077#257.417
589;сказано;сказать;VERB;_;Aspect=Perf|Gender=Neut|Number=Sing|Tense=Past|Variant=Short|VerbForm=Part|Voice=Pass;_;_;_;@avk1995f-words#Анастасия_Вадимовна_Креслина#257.417#257.757
590;все;все;PRON;_;Animacy=Inan|Case=Nom|Gender=Neut|Number=Sing;_;_;_;@avk1995f-words#Анастасия_Вадимовна_Креслина#257.757#258.097
591;то;то;SCONJ;_;_;_;_;_;@avk1995f-words#Анастасия_Вадимовна_Креслина#258.097#258.437
592;что;что;SCONJ;_;_;_;_;_;@avk1995f-words#Анастасия_Вадимовна_Креслина#258.437#258.777
593;все;все;PRON;_;Animacy=Inan|Case=Nom|Gender=Neut|Number=Sing;_;_;_;@avk1995f-words#Анастасия_Вадимовна_Креслина#258.777#259.117
594;и;и;PART;_;_;_;_;_;@avk1995f-words#Анастасия_Вадимовна_Креслина#259.117#259.457
595;так;так;ADV;_;Degree=Pos;_;_;_;@avk1995f-words#Анастасия_Вадимовна_Креслина#259.457#259.797
596;знают;знать;VERB;_;Aspect=Imp|Mood=Ind|Number=Plur|Person=3|Tense=Pres|VerbForm=Fin|Voice=Act;_;_;_;@avk1995f-words#Анастасия_Вадимовна_Креслина#259.797#260.137
597;но;но;CCONJ;_;_;_;_;_;@avk1995f-words#Анастасия_Вадимовна_Креслина#260.137#260.477
598;вслух;вслух;ADV;_;Degree=Pos;_;_;_;@avk1995f-words#Анастасия_Вадимовна_Креслина#260.477#260.817
599;почему-то;почему-то;ADV;_;Degree=Pos;_;_;_;@avk1995f-words#Анастасия_Вадимовна_Креслина#260.817#261.157
600;боятся;бояться;VERB;_;Aspect=Imp|Mood=Ind|Number=Plur|Person=3|Tense=Pres|VerbForm=Fin|Voice=Mid;_;_;_;@avk1995f-words#Анастасия_Вадимовна_Креслина#261.157#261.497
601;говорить;говорить;VERB;_;Aspect=Imp|VerbForm=Inf|Voice=Act;_;_;_;@avk1995f-words#Анастасия_Вадимовна_Креслина#261.497#261.843
602;и;и;CCONJ;_;_;_;_;_;@avk1995f-words#Анастасия_Вадимовна_Креслина#262.031#262.368
603;вот;вот;PART;_;_;_;_;_;@avk1995f-words#Анастасия_Вадимовна_Креслина#262.368#262.705
604;оно;оно;PRON;_;Case=Nom|Gender=Neut|Number=Sing|Person=3;_;_;_;@avk1995f-words#Анастасия_Вадимовна_Креслина#262.705#263.042
605;как;как;ADV;_;Degree=Pos;_;_;_;@avk1995f-words#Анастасия_Вадимовна_Креслина#263.042#263.379
606;бы;бы;PART;_;_;_;_;_;@avk1995f-words#Анастасия_Вадимовна_Креслина#263.379#263.716
607;в;в;ADP;_;_;_;_;_;@avk1995f-words#Анастасия_Вадимовна_Креслина#263.716#264.053
608;воздухе;воздух;NOUN;_;Animacy=Inan|Case=Loc|Gender=Masc|Number=Sing;_;_;_;@avk1995f-words#Анастасия_Вадимовна_Креслина#264.053#264.39
609;оказалось;оказаться;VERB;_;Aspect=Perf|Gender=Neut|Mood=Ind|Number=Sing|Tense=Past|VerbForm=Fin|Voice=Mid;_;_;_;@avk1995f-words#Анастасия_Вадимовна_Креслина#264.39#264.727
610;и;и;PART;_;_;_;_;_;@avk1995f-words#Анастасия_Вадимовна_Креслина#264.727#265.064
611;все;весь;DET;_;Case=Acc|Gender=Neut|Number=Sing;_;_;_;@avk1995f-words#Анастасия_Вадимовна_Креслина#265.064#265.401
612;это;это;PRON;_;Animacy=Inan|Case=Acc|Gender=Neut|Number=Sing;_;_;_;@avk1995f-words#Анастасия_Вадимовна_Креслина#265.401#265.738
613;подхватили;подхватить;VERB;_;Aspect=Perf|Mood=Ind|Number=Plur|Tense=Past|VerbForm=Fin|Voice=Act;_;_;_;@avk1995f-words#Анастасия_Вадимовна_Креслина#265.738#266.075
614;и;и;PART;_;_;_;_;_;@avk1995f-words#Анастасия_Вадимовна_Креслина#266.075#266.412
615;эээ;эээ;INTJ;_;_;_;_;_;@avk1995f-words#Анастасия_Вадимовна_Креслина#266.412#266.75
616;это;этот;DET;_;Case=Nom|Gender=Neut|Number=Sing;_;_;_;@avk1995f-words#Анастасия_Вадимовна_Креслина#266.75#267.294
617;поколение;поколение;NOUN;_;Animacy=Inan|Case=Nom|Gender=Neut|Number=Sing;_;_;_;@avk1995f-words#Анастасия_Вадимовна_Креслина#267.294#267.838
618;наше;наш;DET;_;Case=Nom|Gender=Neut|Number=Sing;_;_;_;@avk1995f-words#Анастасия_Вадимовна_Креслина#267.838#268.382
619;которое;который;PRON;_;Case=Acc;_;_;_;@avk1995f-words#Анастасия_Вадимовна_Креслина#268.382#268.926
620;не;не;PART;_;_;_;_;_;@avk1995f-words#Анастасия_Вадимовна_Креслина#268.926#269.47
621;смотрит;смотреть;VERB;_;Aspect=Imp|Mood=Ind|Number=Sing|Person=3|Tense=Pres|VerbForm=Fin|Voice=Act;_;_;_;@avk1995f-words#Анастасия_Вадимовна_Креслина#269.47#270.014
622;телек;телек;NOUN;_;Animacy=Inan|Case=Gen|Gender=Masc|Number=Sing;_;_;_;@avk1995f-words#Анастасия_Вадимовна_Креслина#270.014#270.562
623;не;не;PART;_;_;_;_;_;@avk1995f-words#Анастасия_Вадимовна_Креслина#271.125#271.498
624;проглатывает;проглатывать;VERB;_;Aspect=Imp|Mood=Ind|Number=Sing|Person=3|Tense=Pres|VerbForm=Fin|Voice=Act;_;_;_;@avk1995f-words#Анастасия_Вадимовна_Креслина#271.498#271.871
625;так;так;ADV;_;Degree=Pos;_;_;_;@avk1995f-words#Анастасия_Вадимовна_Креслина#271.871#272.244
626;охотно;охотно;ADV;_;Degree=Pos;_;_;_;@avk1995f-words#Анастасия_Вадимовна_Креслина#272.244#272.617
627;пропаганду;пропаганда;NOUN;_;Animacy=Inan|Case=Acc|Gender=Fem|Number=Sing;_;_;_;@avk1995f-words#Анастасия_Вадимовна_Креслина#272.617#272.99
628;/;/;PUNCT;_;_;_;_;_;@avk1995f-words#Анастасия_Вадимовна_Креслина#272.99#273.363
629;оно;оно;PRON;_;Case=Nom|Gender=Neut|Number=Sing|Person=3;_;_;_;@avk1995f-words#Анастасия_Вадимовна_Креслина#273.363#273.736
630;через;через;ADP;_;_;_;_;_;@avk1995f-words#Анастасия_Вадимовна_Креслина#273.736#274.109
631;несколько;несколько;NUM;_;Animacy=Inan|Case=Acc;_;_;_;@avk1995f-words#Анастасия_Вадимовна_Креслина#274.109#274.482
632;лет;год;NOUN;_;Animacy=Inan|Case=Gen|Gender=Masc|Number=Plur;_;_;_;@avk1995f-words#Анастасия_Вадимовна_Креслина#274.482#274.855
633;пойдет;пойти;VERB;_;Aspect=Perf|Mood=Ind|Number=Sing|Person=3|Tense=Fut|VerbForm=Fin|Voice=Act;_;_;_;@avk1995f-words#Анастасия_Вадимовна_Креслина#274.855#275.228
634;на;на;ADP;_;_;_;_;_;@avk1995f-words#Анастасия_Вадимовна_Креслина#275.228#275.601
635;выборы;выборы;NOUN;_;Animacy=Inan|Case=Acc|Gender=Masc|Number=Plur;_;_;_;@avk1995f-words#Анастасия_Вадимовна_Креслина#275.601#275.974
636;будет;быть;AUX;_;Aspect=Imp|Mood=Ind|Number=Sing|Person=3|Tense=Pres|VerbForm=Fin|Voice=Act;_;_;_;@avk1995f-words#Анастасия_Вадимовна_Креслина#275.974#276.347
637;решать;решать;VERB;_;Aspect=Imp|VerbForm=Inf|Voice=Act;_;_;_;@avk1995f-words#Анастасия_Вадимовна_Креслина#276.347#276.72
638;что;что;PRON;_;Case=Acc;_;_;_;@avk1995f-words#Анастасия_Вадимовна_Креслина#276.72#277.093
639;делать;делать;VERB;_;Aspect=Imp|VerbForm=Inf|Voice=Act;_;_;_;@avk1995f-words#Анастасия_Вадимовна_Креслина#277.093#277.466
640;со;с;ADP;_;_;_;_;_;@avk1995f-words#Анастасия_Вадимовна_Креслина#277.466#277.839
641;страной;страна;NOUN;_;Animacy=Inan|Case=Ins|Gender=Fem|Number=Sing;_;_;_;@avk1995f-words#Анастасия_Вадимовна_Креслина#277.839#278.212
642;/;/;PUNCT;_;_;_;_;_;@avk1995f-words#Анастасия_Вадимовна_Креслина#278.212#278.585
643;и;и;CCONJ;_;_;_;_;_;@avk1995f-words#Анастасия_Вадимовна_Креслина#278.585#278.958
644;это;это;PRON;_;Animacy=Inan|Case=Acc|Gender=Neut|Number=Sing;_;_;_;@avk1995f-words#Анастасия_Вадимовна_Креслина#278.958#279.331
645;же;же;PART;_;_;_;_;_;@avk1995f-words#Анастасия_Вадимовна_Креслина#279.331#279.704
646;сила;сила;NOUN;_;Animacy=Inan|Case=Nom|Gender=Fem|Number=Sing;_;_;_;@avk1995f-words#Анастасия_Вадимовна_Креслина#279.704#280.077
647;и;и;CCONJ;_;_;_;_;_;@avk1995f-words#Анастасия_Вадимовна_Креслина#280.077#280.45
648;она;она;PRON;_;Case=Nom|Gender=Fem|Number=Sing|Person=3;_;_;_;@avk1995f-words#Анастасия_Вадимовна_Креслина#280.45#280.823
649;неуправляема;неуправляемый;ADJ;_;Degree=Pos|Gender=Fem|Number=Sing|Variant=Short;_;_;_;@avk1995f-words#Анастасия_Вадимовна_Креслина#280.823#281.196
650;/;/;PUNCT;_;_;_;_;_;@avk1995f-words#Анастасия_Вадимовна_Креслина#281.196#281.569
651;видимо;видимо;ADV;_;Degree=Pos;_;_;_;@avk1995f-words#Анастасия_Вадимовна_Креслина#281.569#281.942
652;это;это;PRON;_;Animacy=Inan|Case=Nom|Gender=Neut|Number=Sing;_;_;_;@avk1995f-words#Анастасия_Вадимовна_Креслина#281.942#282.315
653;не;не;PART;_;_;_;_;_;@avk1995f-words#Анастасия_Вадимовна_Креслина#282.315#282.688
654;просто;просто;PART;_;_;_;_;_;@avk1995f-words#Анастасия_Вадимовна_Креслина#282.688#283.061
655;бесит;бесить;VERB;_;Aspect=Imp|Mood=Ind|Number=Sing|Person=3|Tense=Pres|VerbForm=Fin|Voice=Act;_;_;_;@avk1995f-words#Анастасия_Вадимовна_Креслина#283.061#283.434
656;это;это;PRON;_;Animacy=Inan|Case=Acc|Gender=Neut|Number=Sing;_;_;_;@avk1995f-words#Анастасия_Вадимовна_Креслина#283.434#283.807
657;настораживает;настораживать;VERB;_;Aspect=Imp|Mood=Ind|Number=Sing|Person=3|Tense=Pres|VerbForm=Fin|Voice=Act;_;_;_;@avk1995f-words#Анастасия_Вадимовна_Креслина#283.807#284.18
658;пугает;пугать;VERB;_;Aspect=Imp|Mood=Ind|Number=Sing|Person=3|Tense=Pres|VerbForm=Fin|Voice=Act;_;_;_;@avk1995f-words#Анастасия_Вадимовна_Креслина#284.18#284.553
659;власть;власть;NOUN;_;Animacy=Inan|Case=Acc|Gender=Fem|Number=Sing;_;_;_;@avk1995f-words#Анастасия_Вадимовна_Креслина#284.553#284.926
660;что;что;SCONJ;_;_;_;_;_;@avk1995f-words#Анастасия_Вадимовна_Креслина#284.926#285.299
661;с;с;ADP;_;_;_;_;_;@avk1995f-words#Анастасия_Вадимовна_Креслина#285.299#285.672
662;этим;это;PRON;_;Animacy=Inan|Case=Ins|Gender=Neut|Number=Sing;_;_;_;@avk1995f-words#Анастасия_Вадимовна_Креслина#285.672#286.045
663;делать;делать;VERB;_;Aspect=Imp|VerbForm=Inf|Voice=Act;_;_;_;@avk1995f-words#Анастасия_Вадимовна_Креслина#286.045#286.418
664;как;как;SCONJ;_;_;_;_;_;@avk1995f-words#Анастасия_Вадимовна_Креслина#286.418#286.791
665;с;с;ADP;_;_;_;_;_;@avk1995f-words#Анастасия_Вадимовна_Креслина#286.791#287.164
666;этим;это;PRON;_;Animacy=Inan|Case=Ins|Gender=Neut|Number=Sing;_;_;_;@avk1995f-words#Анастасия_Вадимовна_Креслина#287.164#287.537
667;быть;быть;AUX;_;Aspect=Imp|VerbForm=Inf|Voice=Act;_;_;_;@avk1995f-words#Анастасия_Вадимовна_Креслина#287.537#287.91
668;как;как;ADV;_;Degree=Pos;_;_;_;@avk1995f-words#Анастасия_Вадимовна_Креслина#287.91#288.283
669;это;это;PRON;_;Animacy=Inan|Case=Acc|Gender=Neut|Number=Sing;_;_;_;@avk1995f-words#Анастасия_Вадимовна_Креслина#288.283#288.656
670;пофиксить;фиксить;VERB;_;Aspect=Perf|VerbForm=Inf|Voice=Act;_;_;_;@avk1995f-words#Анастасия_Вадимовна_Креслина#288.656#289.029
671;исправить;исправить;VERB;_;Aspect=Perf|VerbForm=Inf|Voice=Act;_;_;_;@avk1995f-words#Анастасия_Вадимовна_Креслина#289.029#289.437
672;и;и;CCONJ;_;_;_;_;_;@avk1995f-words#Анастасия_Вадимовна_Креслина#290.281#290.619
673;они;они;PRON;_;Case=Nom|Number=Plur|Person=3;_;_;_;@avk1995f-words#Анастасия_Вадимовна_Креслина#290.619#290.957
674;вот;вот;PART;_;_;_;_;_;@avk1995f-words#Анастасия_Вадимовна_Креслина#290.957#291.295
675;такие;такой;DET;_;Case=Nom|Number=Plur;_;_;_;@avk1995f-words#Анастасия_Вадимовна_Креслина#291.295#291.633
676;вот;вот;PART;_;_;_;_;_;@avk1995f-words#Анастасия_Вадимовна_Креслина#291.633#291.971
677;придумывают;придумывать;VERB;_;Aspect=Imp|Mood=Ind|Number=Plur|Person=3|Tense=Pres|VerbForm=Fin|Voice=Act;_;_;_;@avk1995f-words#Анастасия_Вадимовна_Креслина#291.971#292.309
678;варианты;вариант;NOUN;_;Animacy=Inan|Case=Nom|Gender=Masc|Number=Plur;_;_;_;@avk1995f-words#Анастасия_Вадимовна_Креслина#292.309#292.647
679;решения;решение;NOUN;_;Animacy=Inan|Case=Gen|Gender=Neut|Number=Sing;_;_;_;@avk1995f-words#Анастасия_Вадимовна_Креслина#292.647#292.985
680;проблемы;проблема;NOUN;_;Animacy=Inan|Case=Gen|Gender=Fem|Number=Sing;_;_;_;@avk1995f-words#Анастасия_Вадимовна_Креслина#292.985#293.323
681;как;как;SCONJ;_;_;_;_;_;@avk1995f-words#Анастасия_Вадимовна_Креслина#293.323#293.661
682;им;они;PRON;_;Case=Dat|Number=Plur|Person=3;_;_;_;@avk1995f-words#Анастасия_Вадимовна_Креслина#293.661#293.999
683;кажется;казаться;VERB;_;Aspect=Imp|Mood=Ind|Number=Sing|Person=3|Tense=Pres|VerbForm=Fin|Voice=Mid;_;_;_;@avk1995f-words#Анастасия_Вадимовна_Креслина#293.999#294.343
684;Да;да;PART;_;_;_;_;_;@avk1995f-words#Анастасия_Вадимовна_Креслина#304.781#305.118
685;да;да;PART;_;_;_;_;_;@avk1995f-words#Анастасия_Вадимовна_Креслина#305.118#305.455
686;да;да;PART;_;_;_;_;_;@avk1995f-words#Анастасия_Вадимовна_Креслина#305.455#305.792
687;действительно;действительно;ADV;_;Degree=Pos;_;_;_;@avk1995f-words#Анастасия_Вадимовна_Креслина#305.792#306.129
688;спасибо;спасибо;NOUN;_;Animacy=Inan|Case=Nom|Gender=Neut|Number=Sing;_;_;_;@avk1995f-words#Анастасия_Вадимовна_Креслина#306.129#306.466
689;/;/;PUNCT;_;_;_;_;_;@avk1995f-words#Анастасия_Вадимовна_Креслина#306.466#306.803
690;спасибо;спасибо;NOUN;_;Animacy=Inan|Case=Nom|Gender=Neut|Number=Sing;_;_;_;@avk1995f-words#Анастасия_Вадимовна_Креслина#306.803#307.14
691;фсб;фсб;NOUN;_;Animacy=Inan|Case=Gen|Gender=Fem|Number=Sing;_;_;_;@avk1995f-words#Анастасия_Вадимовна_Креслина#307.14#307.477
692;за;за;ADP;_;_;_;_;_;@avk1995f-words#Анастасия_Вадимовна_Креслина#307.477#307.814
693;пиар;пиар;NOUN;_;Animacy=Inan|Case=Acc|Gender=Masc|Number=Sing;_;_;_;@avk1995f-words#Анастасия_Вадимовна_Креслина#307.814#308.151
694;мы;мы;PRON;_;Case=Nom|Number=Plur|Person=1;_;_;_;@avk1995f-words#Анастасия_Вадимовна_Креслина#308.151#308.488
695;постоянно;постоянно;ADV;_;Degree=Pos;_;_;_;@avk1995f-words#Анастасия_Вадимовна_Креслина#308.488#308.825
696;это;это;PRON;_;Animacy=Inan|Case=Acc|Gender=Neut|Number=Sing;_;_;_;@avk1995f-words#Анастасия_Вадимовна_Креслина#308.825#309.162
697;повторяем;повторять;VERB;_;Aspect=Imp|Mood=Ind|Number=Plur|Person=1|Tense=Pres|VerbForm=Fin|Voice=Act;_;_;_;@avk1995f-words#Анастасия_Вадимовна_Креслина#309.162#309.499
698;везде;везде;ADV;_;Degree=Pos;_;_;_;@avk1995f-words#Анастасия_Вадимовна_Креслина#309.499#309.836
699;потому;потому;ADV;_;Degree=Pos;_;_;_;@avk1995f-words#Анастасия_Вадимовна_Креслина#309.836#310.173
700;что;что;SCONJ;_;_;_;_;_;@avk1995f-words#Анастасия_Вадимовна_Креслина#310.173#310.51
701;действительно;действительно;ADV;_;Degree=Pos;_;_;_;@avk1995f-words#Анастасия_Вадимовна_Креслина#310.51#310.847
702;у;у;ADP;_;_;_;_;_;@avk1995f-words#Анастасия_Вадимовна_Креслина#310.847#311.184
703;нас;мы;PRON;_;Case=Gen|Number=Plur|Person=1;_;_;_;@avk1995f-words#Анастасия_Вадимовна_Креслина#311.184#311.521
704;прибавилась;прибавиться;VERB;_;Aspect=Perf|Gender=Fem|Mood=Ind|Number=Sing|Tense=Past|VerbForm=Fin|Voice=Mid;_;_;_;@avk1995f-words#Анастасия_Вадимовна_Креслина#311.521#311.858
705;аудитория;аудитория;NOUN;_;Animacy=Inan|Case=Nom|Gender=Fem|Number=Sing;_;_;_;@avk1995f-words#Анастасия_Вадимовна_Креслина#311.858#312.195
706;/;/;PUNCT;_;_;_;_;_;@avk1995f-words#Анастасия_Вадимовна_Креслина#312.195#312.532
707;да;да;CCONJ;_;_;_;_;_;@avk1995f-words#Анастасия_Вадимовна_Креслина#312.532#312.869
708;и;и;PART;_;_;_;_;_;@avk1995f-words#Анастасия_Вадимовна_Креслина#312.869#313.206
709;в;в;ADP;_;_;_;_;_;@avk1995f-words#Анастасия_Вадимовна_Креслина#313.206#313.543
710;принципе;принцип;NOUN;_;Animacy=Inan|Case=Loc|Gender=Masc|Number=Sing;_;_;_;@avk1995f-words#Анастасия_Вадимовна_Креслина#313.543#313.88
711;даже;даже;PART;_;_;_;_;_;@avk1995f-words#Анастасия_Вадимовна_Креслина#313.88#314.217
712;те;тот;DET;_;Case=Nom|Number=Plur;_;_;_;@avk1995f-words#Анастасия_Вадимовна_Креслина#314.217#314.554
713;люди;человек;NOUN;_;Animacy=Anim|Case=Nom|Gender=Masc|Number=Plur;_;_;_;@avk1995f-words#Анастасия_Вадимовна_Креслина#314.554#314.891
714;которые;который;PRON;_;Case=Acc;_;_;_;@avk1995f-words#Анастасия_Вадимовна_Креслина#314.891#315.228
715;смотрят;смотреть;VERB;_;Aspect=Imp|Mood=Ind|Number=Plur|Person=3|Tense=Pres|VerbForm=Fin|Voice=Act;_;_;_;@avk1995f-words#Анастасия_Вадимовна_Креслина#315.228#315.565
716;клип;клип;NOUN;_;Animacy=Inan|Case=Acc|Gender=Masc|Number=Sing;_;_;_;@avk1995f-words#Анастасия_Вадимовна_Креслина#315.565#315.902
717;слушают;слушать;VERB;_;Aspect=Imp|Mood=Ind|Number=Plur|Person=3|Tense=Pres|VerbForm=Fin|Voice=Act;_;_;_;@avk1995f-words#Анастасия_Вадимовна_Креслина#315.902#316.239
718;трек;трек;NOUN;_;Animacy=Inan|Case=Acc|Gender=Masc|Number=Sing;_;_;_;@avk1995f-words#Анастасия_Вадимовна_Креслина#316.239#316.576
719;или;или;CCONJ;_;_;_;_;_;@avk1995f-words#Анастасия_Вадимовна_Креслина#316.576#316.913
720;другую;другой;ADJ;_;Case=Acc|Degree=Pos|Gender=Fem|Number=Sing;_;_;_;@avk1995f-words#Анастасия_Вадимовна_Креслина#316.913#317.25
721;нашу;наш;DET;_;Case=Acc|Gender=Fem|Number=Sing;_;_;_;@avk1995f-words#Анастасия_Вадимовна_Креслина#317.25#317.587
722;музыку;музыка;NOUN;_;Animacy=Inan|Case=Acc|Gender=Fem|Number=Sing;_;_;_;@avk1995f-words#Анастасия_Вадимовна_Креслина#317.587#317.924
723;и;и;CCONJ;_;_;_;_;_;@avk1995f-words#Анастасия_Вадимовна_Креслина#317.924#318.261
724;им;они;PRON;_;Case=Dat|Number=Plur|Person=3;_;_;_;@avk1995f-words#Анастасия_Вадимовна_Креслина#318.261#318.598
725;не;не;PART;_;_;_;_;_;@avk1995f-words#Анастасия_Вадимовна_Креслина#318.598#318.935
726;нравится;нравиться;VERB;_;Aspect=Imp|Mood=Ind|Number=Sing|Person=3|Tense=Pres|VerbForm=Fin|Voice=Mid;_;_;_;@avk1995f-words#Анастасия_Вадимовна_Креслина#318.935#319.272
727;/;/;PUNCT;_;_;_;_;_;@avk1995f-words#Анастасия_Вадимовна_Креслина#319.272#319.609
728;они;они;PRON;_;Case=Nom|Number=Plur|Person=3;_;_;_;@avk1995f-words#Анастасия_Вадимовна_Креслина#319.609#319.946
729;все;все;PRON;_;Animacy=Inan|Case=Nom|Gender=Neut|Number=Sing;_;_;_;@avk1995f-words#Анастасия_Вадимовна_Креслина#319.946#320.283
730;равно;равный;ADJ;_;Degree=Pos|Gender=Neut|Number=Sing|Variant=Short;_;_;_;@avk1995f-words#Анастасия_Вадимовна_Креслина#320.283#320.62
731;все;все;PRON;_;Animacy=Inan|Case=Nom|Gender=Neut|Number=Sing;_;_;_;@avk1995f-words#Анастасия_Вадимовна_Креслина#320.62#320.957
732;сходятся;сходиться;VERB;_;Aspect=Imp|Mood=Ind|Number=Plur|Person=3|Tense=Pres|VerbForm=Fin|Voice=Mid;_;_;_;@avk1995f-words#Анастасия_Вадимовна_Креслина#320.957#321.294
733;на;на;ADP;_;_;_;_;_;@avk1995f-words#Анастасия_Вадимовна_Креслина#321.294#321.631
734;той;тот;DET;_;Case=Loc|Gender=Fem|Number=Sing;_;_;_;@avk1995f-words#Анастасия_Вадимовна_Креслина#321.631#321.968
735;мысли;мысль;NOUN;_;Animacy=Inan|Case=Loc|Gender=Fem|Number=Sing;_;_;_;@avk1995f-words#Анастасия_Вадимовна_Креслина#321.968#322.305
736;то;то;SCONJ;_;_;_;_;_;@avk1995f-words#Анастасия_Вадимовна_Креслина#322.305#322.642
737;что;что;PRON;_;Case=Nom;_;_;_;@avk1995f-words#Анастасия_Вадимовна_Креслина#322.642#322.979
738;ну;ну;PART;_;_;_;_;_;@avk1995f-words#Анастасия_Вадимовна_Креслина#322.979#323.316
739;это;это;DET;_;Case=Nom|Gender=Neut|Number=Sing;_;_;_;@avk1995f-words#Анастасия_Вадимовна_Креслина#323.316#323.653
740;безумие;безумие;NOUN;_;Animacy=Inan|Case=Nom|Gender=Neut|Number=Sing;_;_;_;@avk1995f-words#Анастасия_Вадимовна_Креслина#323.653#323.99
741;/;/;PUNCT;_;_;_;_;_;@avk1995f-words#Анастасия_Вадимовна_Креслина#323.99#324.327
742;это;это;PRON;_;Animacy=Inan|Case=Acc|Gender=Neut|Number=Sing;_;_;_;@avk1995f-words#Анастасия_Вадимовна_Креслина#324.327#324.664
743;запрещать;запрещать;VERB;_;Aspect=Imp|VerbForm=Inf|Voice=Act;_;_;_;@avk1995f-words#Анастасия_Вадимовна_Креслина#324.664#325.001
744;/;/;PUNCT;_;_;_;_;_;@avk1995f-words#Анастасия_Вадимовна_Креслина#325.001#325.338
745;безумие;безумие;NOUN;_;Animacy=Inan|Case=Acc|Gender=Neut|Number=Sing;_;_;_;@avk1995f-words#Анастасия_Вадимовна_Креслина#325.338#325.675
746;эээ;эээ;INTJ;_;_;_;_;_;@avk1995f-words#Анастасия_Вадимовна_Креслина#325.675#326.012
747;такие;такой;DET;_;Case=Acc|Number=Plur;_;_;_;@avk1995f-words#Анастасия_Вадимовна_Креслина#326.012#326.349
748;методы;метод;NOUN;_;Animacy=Inan|Case=Acc|Gender=Masc|Number=Plur;_;_;_;@avk1995f-words#Анастасия_Вадимовна_Креслина#326.349#326.686
749;применять;применять;VERB;_;Aspect=Imp|VerbForm=Inf|Voice=Act;_;_;_;@avk1995f-words#Анастасия_Вадимовна_Креслина#326.686#327.023
750;/;/;PUNCT;_;_;_;_;_;@avk1995f-words#Анастасия_Вадимовна_Креслина#327.023#327.36
751;это;это;PRON;_;Animacy=Inan|Case=Nom|Gender=Neut|Number=Sing;_;_;_;@avk1995f-words#Анастасия_Вадимовна_Креслина#327.36#327.697
752;просто;просто;PART;_;_;_;_;_;@avk1995f-words#Анастасия_Вадимовна_Креслина#327.697#328.034
753;глупо;глупый;ADJ;_;Degree=Pos|Gender=Neut|Number=Sing|Variant=Short;_;_;_;@avk1995f-words#Анастасия_Вадимовна_Креслина#328.034#328.371
754;/;/;PUNCT;_;_;_;_;_;@avk1995f-words#Анастасия_Вадимовна_Креслина#328.371#328.708
755;тем;то;PRON;_;Animacy=Inan|Case=Ins|Gender=Neut|Number=Sing;_;_;_;@avk1995f-words#Анастасия_Вадимовна_Креслина#328.708#329.045
756;более;более;ADV;_;Degree=Cmp;_;_;_;@avk1995f-words#Анастасия_Вадимовна_Креслина#329.045#329.382
757;в;в;ADP;_;_;_;_;_;@avk1995f-words#Анастасия_Вадимовна_Креслина#329.382#329.719
758;наше;наш;DET;_;Case=Acc|Gender=Neut|Number=Sing;_;_;_;@avk1995f-words#Анастасия_Вадимовна_Креслина#329.719#330.056
759;время;время;NOUN;_;Animacy=Inan|Case=Acc|Gender=Neut|Number=Sing;_;_;_;@avk1995f-words#Анастасия_Вадимовна_Креслина#330.056#330.393
760;когда;когда;SCONJ;_;_;_;_;_;@avk1995f-words#Анастасия_Вадимовна_Креслина#330.393#330.73
761;все;все;PRON;_;Animacy=Inan|Case=Nom|Gender=Neut|Number=Sing;_;_;_;@avk1995f-words#Анастасия_Вадимовна_Креслина#330.73#331.067
762;прозрачно;прозрачно;ADJ;_;Degree=Pos|Gender=Neut|Number=Sing|Variant=Short;_;_;_;@avk1995f-words#Анастасия_Вадимовна_Креслина#331.067#331.404
763;в;в;ADP;_;_;_;_;_;@avk1995f-words#Анастасия_Вадимовна_Креслина#331.404#331.741
764;плане;план;NOUN;_;Animacy=Inan|Case=Loc|Gender=Masc|Number=Sing;_;_;_;@avk1995f-words#Анастасия_Вадимовна_Креслина#331.741#332.078
765;информации;информация;NOUN;_;Animacy=Inan|Case=Gen|Gender=Fem|Number=Sing;_;_;_;@avk1995f-words#Анастасия_Вадимовна_Креслина#332.078#332.415
766;она;она;PRON;_;Case=Nom|Gender=Fem|Number=Sing|Person=3;_;_;_;@avk1995f-words#Анастасия_Вадимовна_Креслина#332.415#332.752
767;распостраняется;распостраняться;VERB;_;Aspect=Imp|Mood=Ind|Number=Sing|Person=3|Tense=Pres|VerbForm=Fin|Voice=Mid;_;_;_;@avk1995f-words#Анастасия_Вадимовна_Креслина#332.752#333.089
768;так;так;ADV;_;Degree=Pos;_;_;_;@avk1995f-words#Анастасия_Вадимовна_Креслина#333.089#333.426
769;легко;легко;ADV;_;Degree=Pos;_;_;_;@avk1995f-words#Анастасия_Вадимовна_Креслина#333.426#333.763
770;мы;мы;PRON;_;Case=Nom|Number=Plur|Person=1;_;_;_;@avk1995f-words#Анастасия_Вадимовна_Креслина#333.763#334.1
771;не;не;PART;_;_;_;_;_;@avk1995f-words#Анастасия_Вадимовна_Креслина#334.1#334.437
772;в;в;ADP;_;_;_;_;_;@avk1995f-words#Анастасия_Вадимовна_Креслина#334.437#334.774
773;Советском;советский;ADJ;_;Case=Loc|Degree=Pos|Gender=Masc|Number=Sing;_;_;_;@avk1995f-words#Анастасия_Вадимовна_Креслина#334.774#335.111
774;Союзе;Союз;PROPN;_;Animacy=Inan|Case=Loc|Gender=Masc|Number=Sing;_;_;_;@avk1995f-words#Анастасия_Вадимовна_Креслина#335.111#335.448
775;уже;уже;ADV;_;Degree=Pos;_;_;_;@avk1995f-words#Анастасия_Вадимовна_Креслина#335.448#335.875
776;а;а;CCONJ;_;_;_;_;_;@avk1995f-words#Анастасия_Вадимовна_Креслина#336.531#336.781
777;способы;способ;NOUN;_;Animacy=Inan|Case=Nom|Gender=Masc|Number=Plur;_;_;_;@avk1995f-words#Анастасия_Вадимовна_Креслина#336.781#337.031
778;все;все;PART;_;_;_;_;_;@avk1995f-words#Анастасия_Вадимовна_Креслина#337.031#337.281
779;те;тот;DET;_;Case=Nom|Number=Plur;_;_;_;@avk1995f-words#Анастасия_Вадимовна_Креслина#337.281#337.531
780;же;же;PART;_;_;_;_;_;@avk1995f-words#Анастасия_Вадимовна_Креслина#337.531#337.781
